"bucket","priority","image_files","visible_product","candidate_action","candidate_sku","candidate_product","confidence","owner_decision","owner_correct_product","owner_notes","agent_notes","source_report"
"review_high_existing_sku","P1","SAU_9282.jpg","Cocon mixed pudding 6-pack","apply_existing_sku","ADG-000406","Pudding owocowy z Nata de Coco, różne smaki - 6 x 80g","review-high","","","","Visible mixed flavor 6-pack matches catalog wording; confirm size 6 x 80g.","batch001"
"review_high_existing_sku","P1","SAU_9301.jpg","Tian Hu Shan Matcha Tea 80g can","apply_existing_sku","ADG-000019","Matcha, powdered green tea in can 80g Tian Hu Shan","review-high","","","","Visible brand/weight matches.","batch002"
"review_high_existing_sku","P1","SAU_9579.jpg","Cock Brand Red Curry Paste 50g","apply_existing_sku","ADG-000055","Red Curry Paste 50g","review-high","","","","Visible brand/weight matches.","batch002"
"review_high_existing_sku","P1","SAU_9580.jpg","Cock Brand Massaman Curry Paste 50g","apply_existing_sku","ADG-000054","Massaman Curry Paste 50g","review-high","","","","Catalog name does not include brand, but image shows Cock Brand.","batch002"
"review_high_existing_sku","P1","SAU_9587.jpg","Cock Brand Green Curry Paste 50g","apply_existing_sku","ADG-000056","Green Curry Paste 50g - Cock Brand","review-high","","","","Visible brand/weight matches.","batch002"
"review_high_existing_sku","P1","SAU_9591.jpg","Lobo Tom Yum Paste 30g","apply_existing_sku","ADG-000058","Tom Yum Paste 30g - Lobo","review-high","","","","Brand/product/weight match.","batch003"
"review_high_existing_sku","P1","SAU_9602.jpg","Sen Soy Teriyaki Cooking Sauce 80g","apply_existing_sku","ADG-000498","Teriyaki Cooking Sauce 80g - Sen Soy","review-high","","","","Brand/product/weight match.","batch003"
"review_high_existing_sku","P1","SAU_9608.jpg","Sen Soy Pad Thai Noodle Sauce 80g","apply_existing_sku","ADG-000499","Pad Thai Noodle Sauce 80g - Sen Soy","review-high","","","","Brand/product/weight match.","batch003"
"review_high_existing_sku","P1","SAU_9612.jpg","Sen Soy Pho Soup Base 80g","apply_existing_sku","ADG-000506","Pho Soup Base, Mild 80g - Sen Soy","review-high","","","","Brand/product/weight match.","batch003"
"review_high_existing_sku","P1","SAU_9613.jpg","Sen Soy Tom Yum Soup Base 80g","apply_existing_sku","ADG-000507","Tom Yum Soup Base, Mild 80g - Sen Soy","review-high","","","","Brand/product/weight match.","batch003"
"review_high_existing_sku","P1","SAU_9631.jpg; SAU_9632.jpg","Cock Brand Tamarind Concentrate 454g","apply_existing_sku","ADG-000302","Tamarind Concentrate 454g - Cock Brand","review-high","","","","Front/back photos for one SKU gallery.","batch003"
"review_high_existing_sku","P1","SAU_9646.jpg","Squid Fish Sauce 725ml","apply_existing_sku","ADG-000095","Fish Sauce 725ml - Squid","review-high","","","","Brand/product/volume match.","batch003"
"review_high_existing_sku","P1","SAU_9653.jpg","Lee Kum Kee Black Pepper Sauce 350g","apply_existing_sku","ADG-000691","Black Pepper Sauce 350g - Lee Kum Kee","review-high","","","","Brand/product/weight match.","batch003"
"review_high_existing_sku","P1","SAU_9655.jpg","Lee Kum Kee Hoisin Sauce 397g","apply_existing_sku","ADG-000082","Hoisin Sauce 397g - Lee Kum Kee","review-high","","","","Brand/product/weight match.","batch003"
"review_high_existing_sku","P1","SAU_9665.jpg","Bull-Dog Tonkatsu Sauce 300ml","apply_existing_sku","ADG-001364","Tonkatsu Sauce 300ml - Bull-Dog","review-high","","","","Brand/product/volume match.","batch003"
"review_high_existing_sku","P1","SAU_9748.jpg","Flying Goose Sriracha Mayo Sauce 200ml","apply_existing_sku","ADG-000195","Sriracha Chili Mayoo 200ml - Flying Goose","review-high","","","","Brand/product/volume match.","batch004"
"review_high_existing_sku","P1","SAU_9749.jpg","Flying Goose Sriracha Hot Chilli Sauce 200ml","apply_existing_sku","ADG-000052","Chili Sauce Sriracha, Very Spicy 200ml - Flying Goose","review-high","","","","Confirm normal hot vs super hot variant.","batch004"
"review_high_existing_sku","P1","SAU_9759.jpg","Maepranom Thai Chili Paste 513g","apply_existing_sku","ADG-000210","Pasta Nam Prik Pao, chili with shrimp 513g - Mae Pranom","review-high","","","","Brand/product/weight match.","batch004"
"review_high_existing_sku","P1","SAU_9763.jpg","Lao Gan Ma chili in oil / black bean chili oil 280g","apply_existing_sku","ADG-000202","Fermented Black Soybeans in Chili Oil 280g - Lao Gan Ma","review-high","","","","Brand/weight match; subtype should be confirmed.","batch004"
"review_high_existing_sku","P1","SAU_9771.jpg; SAU_9772.jpg; SAU_9773.jpg; SAU_9774.jpg","Sempio Doenjang Soybean Paste 460g","apply_existing_sku","ADG-000115","Doenjang Soy Paste 460g - Sempio","review-high","","","","Front/back/top gallery for one SKU.","batch004"
"review_high_existing_sku","P1","SAU_9775.jpg; SAU_9776.jpg","Sempio Gochujang Hot Pepper Paste 500g","apply_existing_sku","ADG-000093","Gochujang spicy paste 500g - Sempio","review-high","","","","Front/side gallery for one SKU.","batch004"
"review_high_existing_sku","P1","SAU_9777.jpg; SAU_9778.jpg","Sempio Ssamjang Seasoned Soybean Paste 170g","apply_existing_sku","ADG-000235","Ssamjang Spicy Soybean Paste 170g - Sempio","review-high","","","","Front/side gallery for one SKU.","batch004"
"review_high_existing_sku","P1","SAU_9779.jpg; SAU_9780.jpg; SAU_9781.jpg","Sempio Ssamjang Seasoned Soybean Paste 500g","apply_existing_sku","ADG-000114","Pasta sojowa Ssamjang, pikantna 500g - Sempio","review-high","","","","Front/side/back gallery for one SKU.","batch005"
"review_high_existing_sku","P1","SAU_9785.jpg","Kikkoman Naturally Brewed Soy Sauce 1L","apply_existing_sku","ADG-000275","Sos sojowy klasyczny Koikuchi naturalnie warzony 1l Kikkoman","review-high","","","","Confirm this should not be Japan-specific ADG-001033.","batch005"
"review_high_existing_sku","P1","SAU_9787.jpg","Sempio Brown Rice Vinegar 500ml","apply_existing_sku","ADG-000907","Ocet z brązowego ryżu 100% 500ml - Sempio","review-high","","","","Brand/product/volume match.","batch005"
"review_high_existing_sku","P1","SAU_9790.jpg","Kikkoman Naturally Brewed Soy Sauce 150ml","apply_existing_sku","ADG-000272","Sos sojowy Koikuchi z dyspenserem 150ml - Kikkoman","review-high","","","","Brand/volume match; dispenser bottle.","batch005"
"review_high_existing_sku","P1","SAU_9792.jpg","Sen Soy Nori Teriyaki Chips 4.5g","apply_existing_sku","ADG-000510","Chipsy Nori Teriyaki 4,5g - Sen Soy","review-high","","","","Brand/flavour/weight match.","batch005"
"review_high_existing_sku","P1","SAU_9793.jpg","Sen Soy Nori Kimchi Chips 4.5g","apply_existing_sku","ADG-000509","Chipsy Nori Kimchi 4,5g - Sen Soy","review-high","","","","Brand/flavour/weight match.","batch005"
"review_high_existing_sku","P1","SAU_9794.jpg","Sempio Soybean Paste 500g","apply_existing_sku","ADG-000512","Pasta sojowa miso 500g - Sempio","review-high","","","","Catalog English says miso soy paste.","batch005"
"review_high_existing_sku","P1","SAU_9800.jpg","Sen Soy Nori Wasabi Chips 4.5g","apply_existing_sku","ADG-000508","Chipsy Nori Wasabi 4,5g - Sen Soy","review-high","","","","Brand/flavour/weight match.","batch005"
"review_high_existing_sku","P1","SAU_9801.jpg","Green Pagoda Grzyby Mun Nitki 50g","apply_existing_sku","ADG-000350","Suszone grzyby mun, nitki 50g - Green Pagoda","review-high","","","","Polish name matches; English metadata currently says shiitake threads and should be corrected.","batch005"
"review_high_existing_sku","P1","SAU_9804.jpg","Green Pagoda Grzyby Mun Cale 50g","apply_existing_sku","ADG-000349","Suszone grzyby mun, całe 50g - Green Pagoda","review-high","","","","Polish name matches; English metadata currently says whole shiitake and should be corrected.","batch005"
"review_high_existing_sku","P1","SAU_9809.jpg","Sen Soy Nori Original with Salt 4.5g","apply_existing_sku","ADG-000522","Chipsy Nori Original z solą 4,5g - Sen Soy","review-high","","","","Brand/flavour/weight match.","batch005"
"review_high_existing_sku","P1","SAU_9814.jpg; SAU_9815.jpg","Chunsi Soba Buckwheat Noodles 300g","apply_existing_sku","ADG-000046","Makaron soba 300g Chunsi","review-high","","","","Front/back gallery for one SKU.","batch005"
"review_high_existing_sku","P1","SAU_9821.jpg","LaMi Pho Ha Noi Rice Noodles Size M 500g Hiep Long","apply_existing_sku","ADG-000013","Makaron ryżowy LaMi M do Pho 500g Hiep Long","review-high","","","","Brand/product/size/weight match.","batch005"
"review_high_existing_sku","P1","SAU_9848.jpg","Uncle Barns Crispy Tempura Flour 500g","apply_existing_sku","ADG-000284","Panierka, mąka Tempura 500g - Uncle Barns","review-high","","","","Brand/product/weight match.","batch006"
"needs_owner_confirmation","P1","SAU_9277.jpg","TNI King Coffee Gourmet Blend 500g","confirm_or_create_product","ADG-000289","Trung Nguyen Gourmet Blend 500g","needs catalog check","","","","Visible brand is TNI King Coffee, not Trung Nguyen; do not auto-match.","batch001"
"needs_owner_confirmation","P1","SAU_9281.jpg","Cocon Lychee Pudding 6-pack","confirm_existing_or_new","ADG-000406","Pudding owocowy z Nata de Coco, różne smaki - 6 x 80g","needs review","","","","Same brand/type/pack count, but flavor-specific lychee image may not match mixed listing.","batch001"
"needs_owner_confirmation","P1","SAU_9283.jpg","Cocon Mango Pudding 6-pack","confirm_existing_or_new","ADG-000406","Pudding owocowy z Nata de Coco, różne smaki - 6 x 80g","needs review","","","","Same brand/type/pack count, but flavor-specific mango image may not match mixed listing.","batch001"
"needs_owner_confirmation","P1","SAU_9284.jpg","Chaokoh coconut milk carton","confirm_or_create_product","","","needs review","","","","Size/variant not clear from first pass.","batch001"
"needs_owner_confirmation","P1","SAU_9304.jpg","Product label unclear","focused_manual_reading","","","needs review","","","","Needs zoom/OCR or owner identification.","batch002"
"needs_owner_confirmation","P1","SAU_9315.jpg","Product label unclear","focused_manual_reading","","","needs review","","","","Needs zoom/OCR or owner identification.","batch002"
"needs_owner_confirmation","P1","SAU_9382.jpg","Product label unclear","focused_manual_reading","","","needs review","","","","Needs zoom/OCR or owner identification.","batch002"
"needs_owner_confirmation","P1","SAU_9383.jpg","Product label unclear","focused_manual_reading","","","needs review","","","","Needs zoom/OCR or owner identification.","batch002"
"needs_owner_confirmation","P1","SAU_9384.jpg","Product label unclear","focused_manual_reading","","","needs review","","","","Needs zoom/OCR or owner identification.","batch002"
"needs_owner_confirmation","P1","SAU_9407.jpg","Product label unclear","focused_manual_reading","","","needs review","","","","Needs zoom/OCR or owner identification.","batch002"
"needs_owner_confirmation","P1","SAU_9593.jpg; SAU_9594.jpg","Ong ChaVa Pho bouillon cubes","confirm_variant","ADG-000791 or ADG-000792","Pho Bo or Pho Ga bouillon cubes","needs review","","","","Need owner/zoom confirmation of beef vs chicken variant.","batch003"
"needs_owner_confirmation","P1","SAU_9627.jpg","Red Curry Paste 400g","confirm_brand","ADG-000085","Red Curry Paste 400g","needs review","","","","Product/size match, but visible brand should be confirmed.","batch003"
"needs_owner_confirmation","P1","SAU_9641.jpg","Tom Yum instant hot and sour paste","confirm_brand_size","ADG-000083","Tom Yum Paste 900g - Cock Brand","needs review","","","","Only map if it is 900g Cock Brand.","batch003"
"needs_owner_confirmation","P1","SAU_9667.jpg","Product label unclear","focused_manual_reading","","","needs review","","","","Needs zoom/OCR or owner identification.","batch003"
"needs_owner_confirmation","P1","SAU_9668.jpg","Product label unclear","focused_manual_reading","","","needs review","","","","Needs zoom/OCR or owner identification.","batch003"
"needs_owner_confirmation","P1","SAU_9669.jpg","Product label unclear","focused_manual_reading","","","needs review","","","","Needs zoom/OCR or owner identification.","batch003"
"needs_owner_confirmation","P1","SAU_9670.jpg","Product label unclear","focused_manual_reading","","","needs review","","","","Needs zoom/OCR or owner identification.","batch003"
"needs_owner_confirmation","P1","SAU_9677.jpg","Product label unclear","focused_manual_reading","","","needs review","","","","Needs zoom/OCR or owner identification.","batch003"
"needs_owner_confirmation","P1","SAU_9679.jpg","Product label unclear","focused_manual_reading","","","needs review","","","","Needs zoom/OCR or owner identification.","batch003"
"needs_owner_confirmation","P1","SAU_9682.jpg","Product label unclear","focused_manual_reading","","","needs review","","","","Needs zoom/OCR or owner identification.","batch003"
"needs_owner_confirmation","P1","SAU_9685.jpg","Product label unclear","focused_manual_reading","","","needs review","","","","Needs zoom/OCR or owner identification.","batch003"
"needs_owner_confirmation","P1","SAU_9688.jpg","Product label unclear","focused_manual_reading","","","needs review","","","","Needs zoom/OCR or owner identification.","batch003"
"needs_owner_confirmation","P1","SAU_9693.jpg","Product label unclear","focused_manual_reading","","","needs review","","","","Needs zoom/OCR or owner identification.","batch003"
"needs_owner_confirmation","P1","SAU_9696.jpg","Product label unclear","focused_manual_reading","","","needs review","","","","Needs zoom/OCR or owner identification.","batch003"
"needs_owner_confirmation","P1","SAU_9753.jpg","Wendjoe Sambal Oelek, smaller jar","confirm_size","ADG-000063","Sambal Oelek 360g","needs review","","","","Size is not clearly visible; only map if 360g.","batch004"
"needs_owner_confirmation","P1","SAU_9758.jpg","Lao Gan Ma chili in oil, size unclear","confirm_variant","ADG-000523 or ADG-000828 or ADG-000202","Lao Gan Ma chili oil variants","needs review","","","","Front label/weight partly covered.","batch004"
"needs_owner_confirmation","P1","SAU_9762.jpg","Flying Goose Sriracha Hot/Super Hot Chilli Sauce 200ml","confirm_variant","ADG-000052","Chili Sauce Sriracha, Very Spicy 200ml - Flying Goose","needs review","","","","Cap/variant differs from SAU_9749; confirm before reusing SKU.","batch004"
"needs_owner_confirmation","P1","SAU_9782.jpg; SAU_9783.jpg; SAU_9784.jpg","Haechandle Sagyejeol Ssamjang Korean Seasoned Soybean Paste 500g","confirm_existing_or_new","ADG-000134","Sunchang Ssamjang Spiced Soybean Paste 500g - CJO Classic","needs review","","","","Visible product is Haechandle Sagyejeol, while catalog row says CJO Classic Sunchang.","batch005"
"needs_owner_confirmation","P1","SAU_9808.jpg","Bamboo sushi mat / makisu","confirm_size_brand","ADG-000061 or ADG-000620","Sushi Bamboo Mat 24x24cm variants","needs review","","","","Packaging/brand/size not clear enough.","batch005"
"needs_owner_confirmation","P1","SAU_9823.jpg","Fresh Udon Noodle 200g, brand unclear","confirm_brand","ADG-000361 or ADG-001630 or ADG-001646","Fresh udon 200g variants","needs review","","","","Catalog has several fresh udon 200g rows; photo does not show reliable brand.","batch005"
"needs_owner_confirmation","P1","SAU_9843.jpg","Sempio Glass Noodles, gluten-free","confirm_size","ADG-000224 or ADG-000247","Sempio sweet potato/tapioca noodles 450g or 900g","needs review","","","","Weight is not visible.","batch006"
"needs_owner_confirmation","P1","SAU_9844.jpg","Sa Giang Shrimp Chips","confirm_size","ADG-000814","Sa Giang shrimp chips 1kg","needs review","","","","Brand/product match, but weight is not visible in this photo.","batch006"
"needs_owner_confirmation","P2","SAU_9886.jpg","Pantai sauce plus Oriental Food Banh Pho 5mm 400g","confirm_marketing_use","","","needs review","","","","Multi-product recipe/combo asset; do not map to one SKU.","batch006"
"needs_owner_confirmation","P2","SAU_9896.jpg","Sushi ingredient display with multiple packs","confirm_marketing_use","","","needs review","","","","Multi-product category/recipe asset; do not map to one SKU.","batch006"
"needs_owner_confirmation","P2","SAU_9937.jpg","Lobo Red Curry Paste with Aroy-D coconut milk and other packs","confirm_marketing_use","","","needs review","","","","Multi-product recipe/combo asset; do not map to one SKU.","batch006"
"needs_owner_confirmation","P2","SAU_9938.jpg","Lobo Tom Yum/Tom Kha paste with Aroy-D coconut milk","confirm_marketing_use","","","needs review","","","","Multi-product recipe/combo asset; do not map to one SKU.","batch006"
"new_product_candidate","P2","SAU_9261.jpg","Imperial Tea Shen Nong Oolong Tea 100g","create_missing_product","","","unmatched","","","","No exact Imperial Tea / Shen Nong oolong match found.","batch001"
"new_product_candidate","P2","SAU_9263.jpg","Imperial Tea Shen Nong Green Tea 100g","create_missing_product","","","unmatched","","","","No exact Imperial Tea / Shen Nong green tea match found.","batch001"
"new_product_candidate","P2","SAU_9266.jpg","Imperial Tea Shen Nong White Tea 50g","create_missing_product","","","unmatched","","","","No exact Imperial Tea / Shen Nong white tea match found.","batch001"
"new_product_candidate","P2","SAU_9273.jpg","Imperial Tea Shen Nong Jasmine Tea 100g","create_missing_product","","","unmatched","","","","No exact Imperial Tea / Shen Nong jasmine tea match found.","batch001"
"new_product_candidate","P2","SAU_9274.jpg","Imperial Tea Shen Nong Black Tea 100g","create_missing_product","","","unmatched","","","","No exact Imperial Tea / Shen Nong black tea match found.","batch001"
"new_product_candidate","P2","SAU_9276.jpg","Gold Kili Instant Matcha Latte 250g, 10 sachets","create_missing_product","","","unmatched","","","","No exact Gold Kili / 250g matcha latte match found.","batch001"
"new_product_candidate","P2","SAU_9287.jpg","Phuong Vy green tea 100g","create_missing_product","","","unmatched","","","","No exact Phuong Vy tea match found.","batch002"
"new_product_candidate","P2","SAU_9288.jpg","Hoang Long Tea lotus tea 100g","create_missing_product","","","unmatched","","","","No exact Hoang Long lotus tea 100g match found.","batch002"
"new_product_candidate","P2","SAU_9289.jpg","Taiwan Dessert Q green tea mochi 210g","create_missing_product","","","unmatched","","","","Catalog has other mochi, but not this brand/size.","batch002"
"new_product_candidate","P2","SAU_9290.jpg","Royal Family Sesame Mochi 210g","create_missing_product","","","unmatched","","","","Catalog has Royal Family variants, but not this 210g sesame product.","batch002"
"new_product_candidate","P2","SAU_9291.jpg","Taiwan Dessert Q mochi 210g","create_missing_product","","","unmatched","","","","Catalog has Taiwan Dessert mix 600g, not this 210g item.","batch002"
"new_product_candidate","P2","SAU_9292.jpg","Royal Family Durian Mochi 210g","create_missing_product","","","unmatched","","","","No Royal Family durian mochi 210g match found.","batch002"
"new_product_candidate","P2","SAU_9294.jpg","Trung Nguyen G7 3-in-1 coffee 336g","create_missing_product","","","unmatched","","","","Catalog has Trung Nguyen ground coffee products, not G7 3-in-1 336g.","batch002"
"new_product_candidate","P2","SAU_9295.jpg","Japanese mochi mix 450g, non-Yuki & Love label","create_missing_product","","","unmatched","","","","Catalog has Yuki & Love 450g mix, but visible label/brand differs.","batch002"
"new_product_candidate","P2","SAU_9296.jpg","Koh-Kae Peanuts Nori Wasabi flavour","create_missing_product","","","unmatched","","","","No Koh-Kae nori wasabi peanut match found.","batch002"
"new_product_candidate","P2","SAU_9364.jpg","Sawat-D Healthy Grain Black & White Glutinous Rice 1kg","create_missing_product","","","unmatched","","","","Catalog has Golden Phoenix glutinous rice 1kg, not Sawat-D.","batch002"
"new_product_candidate","P2","SAU_9366.jpg","Sawat-D Healthy Grain Trio Rice 1kg","create_missing_product","","","unmatched","","","","No Sawat-D Trio Rice match found.","batch002"
"new_product_candidate","P2","SAU_9415.jpg","Laila Basmati Rice 1kg","create_missing_product","ADG-000393","Laila Basmati Rice 5kg","mismatch","","","","Catalog has Laila Basmati 5kg, not 1kg.","batch002"
"new_product_candidate","P2","SAU_9423.jpg; SAU_9427.jpg","Sa Giang shrimp chips 200g","create_missing_product","ADG-000814","Sa Giang shrimp chips 1kg","mismatch","","","","Catalog has Sa Giang shrimp chips 1kg, but photo is 200g.","batch002"
"new_product_candidate","P2","SAU_9426.jpg","Sa Giang special crab chips 200g","create_missing_product","","","unmatched","","","","No exact Sa Giang crab chips 200g match found.","batch002"
"new_product_candidate","P2","SAU_9490.jpg","Asia Deli house jar product","create_missing_product","","","unmatched","","","","House-made jar; needs owner naming/SKU confirmation.","batch002"
"new_product_candidate","P2","SAU_9493.jpg; SAU_9497.jpg","Asia Deli red chili / sauce jar","create_missing_product","","","unmatched","","","","House-made jar; needs owner naming/SKU confirmation.","batch002"
"new_product_candidate","P2","SAU_9509.jpg; SAU_9516.jpg; SAU_9527.jpg","Asia Deli kimchi jar","create_missing_product","","","unmatched","","","","House kimchi; needs owner naming/SKU confirmation.","batch002"
"new_product_candidate","P2","SAU_9534.jpg","Asia Deli house jars, multiple products","create_missing_product","","","unmatched","","","","Multi-product image; needs naming/SKU confirmation.","batch002"
"new_product_candidate","P2","SAU_9583.jpg","Cock Brand Yellow Curry Paste 50g","create_missing_product","","","unmatched","","","","Catalog has red/green/massaman 50g, not yellow 50g.","batch002"
"new_product_candidate","P2","SAU_9584.jpg","Cock Brand Panang Curry Paste 50g","create_missing_product","","","unmatched","","","","No exact Panang 50g match found.","batch002"
"new_product_candidate","P2","SAU_9588.jpg","Lobo Roast Red Pork Seasoning Mix 100g","create_missing_product","","","unmatched","","","","No exact Lobo roast red pork seasoning match found.","batch002"
"new_product_candidate","P2","SAU_9589.jpg","Lobo Seasoning Mix for Chicken 100g","create_missing_product","","","unmatched","","","","No exact Lobo chicken seasoning match found.","batch002"
"new_product_candidate","P2","SAU_9590.jpg","Lobo Roast Duck Seasoning Mix 50g","create_missing_product","","","unmatched","","","","No exact Lobo roast duck seasoning match found.","batch002"
"new_product_candidate","P2","SAU_9592.jpg","Spice paste for noodles, 60g","create_missing_product","","","unmatched","","","","No exact match found.","batch003"
"new_product_candidate","P2","SAU_9601.jpg","Sen Soy Original Nori Chips","create_missing_product","","","unmatched","","","","No exact match found in report.","batch003"
"new_product_candidate","P2","SAU_9604.jpg","Sen Soy cooking sauce, unclear variant","focused_manual_reading","","","needs review","","","","Needs deeper reading before product creation/mapping.","batch003"
"new_product_candidate","P2","SAU_9616.jpg; SAU_9618.jpg","Sauce/paste product, unclear label","focused_manual_reading","","","needs review","","","","Needs deeper reading before product creation/mapping.","batch003"
"new_product_candidate","P2","SAU_9623.jpg","Tamarind product, unclear brand/size","focused_manual_reading","","","needs review","","","","Needs deeper reading before product creation/mapping.","batch003"
"new_product_candidate","P2","SAU_9625.jpg","Green Curry Paste 400g","create_missing_product","","","unmatched","","","","No exact match found.","batch003"
"new_product_candidate","P2","SAU_9629.jpg","Yellow Curry Paste 400g","create_missing_product","","","unmatched","","","","No exact match found.","batch003"
"new_product_candidate","P2","SAU_9639.jpg","Sauce product, unclear label","focused_manual_reading","","","needs review","","","","Needs deeper reading before product creation/mapping.","batch003"
"new_product_candidate","P2","SAU_9645.jpg","Megachef Premium Anchovy Sauce 700ml","create_missing_product","","","mismatch","","","","Catalog has other Megachef sizes.","batch003"
"new_product_candidate","P2","SAU_9647.jpg","Chin-Su fish sauce","create_missing_product","","","unmatched","","","","No exact match found.","batch003"
"new_product_candidate","P2","SAU_9648.jpg","Chin-Su chilli/sweet sauce","create_missing_product","","","unmatched","","","","No exact match found.","batch003"
"new_product_candidate","P2","SAU_9651.jpg","Plum Sauce 397g","create_missing_product","","","unmatched","","","","No exact match found.","batch003"
"new_product_candidate","P2","SAU_9657.jpg","Lee Kum Kee Peking Duck Sauce 383g","create_missing_product","","","unmatched","","","","No exact match found.","batch003"
"new_product_candidate","P2","SAU_9660.jpg","Lee Kum Kee Char Siu Sauce 397g","create_missing_product","","","unmatched","","","","No exact match found.","batch003"
"new_product_candidate","P2","SAU_9664.jpg","Bull-Dog Worcestershire Sauce 300ml","create_missing_product","","","unmatched","","","","No exact match found.","batch003"
"new_product_candidate","P2","SAU_9674.jpg","Healthy Boy Sweet and Sour Plum Sauce","create_missing_product","","","unmatched","","","","No exact match found.","batch003"
"new_product_candidate","P2","SAU_9675.jpg","Vegetarian Mushroom Stir-Fry Sauce","create_missing_product","","","unmatched","","","","No exact match found.","batch003"
"new_product_candidate","P2","SAU_9684.jpg","Seasoned Soy Sauce for Seafood","create_missing_product","","","unmatched","","","","No exact match found.","batch003"
"new_product_candidate","P2","SAU_9691.jpg","Sweet Soy Sauce Cantonese","create_missing_product","","","unmatched","","","","No exact match found.","batch003"
"new_product_candidate","P2","SAU_9695.jpg","Sweet Soy Sauce","create_missing_product","","","unmatched","","","","No exact match found.","batch003"
"new_product_candidate","P2","SAU_9702.jpg","Guan Ji Brand Soy Superior Sauce 600ml","create_missing_product","","","unmatched","","","","No exact match found.","batch004"
"new_product_candidate","P2","SAU_9703.jpg","Pickled Baby Ginger sliced 227g / 200ml","create_missing_product","","","unmatched","","","","No exact match found.","batch004"
"new_product_candidate","P2","SAU_9705.jpg","Sushi pickled ginger, pink, bag","create_missing_product","","","unmatched","","","","No exact brand/size match found.","batch004"
"new_product_candidate","P2","SAU_9707.jpg","Asia Foods Marynowana Kanpyo Tykwa 100g","create_missing_product","","","mismatch","","","","Catalog has Misuzu Kanpyo 60g.","batch004"
"new_product_candidate","P2","SAU_9708.jpg","Yaoki seasoned/pickled burdock-style product 1kg","create_missing_product","","","unmatched","","","","No exact match found.","batch004"
"new_product_candidate","P2","SAU_9712.jpg","Sushi pickled ginger, white, bag","create_missing_product","","","unmatched","","","","No exact brand/size match found.","batch004"
"new_product_candidate","P2","SAU_9714.jpg; SAU_9715.jpg","Tương Ớt Sos Chilli, two bottle sizes","create_missing_product","","","unmatched","","","","No exact match found.","batch004"
"new_product_candidate","P2","SAU_9716.jpg","Ngoc Lien Pickled Young Pepper","create_missing_product","","","unmatched","","","","No exact match found.","batch004"
"new_product_candidate","P2","SAU_9718.jpg","Thai Hang pickled eggplant","create_missing_product","","","unmatched","","","","No exact match found.","batch004"
"new_product_candidate","P2","SAU_9719.jpg","Aroy-D Mango Slice in Syrup 425g","create_missing_product","","","mismatch","","","","Catalog has other brands.","batch004"
"new_product_candidate","P2","SAU_9722.jpg","Pickled green chilli / vegetable jar","create_missing_product","","","unmatched","","","","No exact match found.","batch004"
"new_product_candidate","P2","SAU_9723.jpg","Pickled red chilli jar","create_missing_product","","","unmatched","","","","No exact match found.","batch004"
"new_product_candidate","P2","SAU_9724.jpg","Asia Foods Alphonso Mango Pulp / Puree","create_missing_product","","","mismatch","","","","Catalog has QF mango pulp 450g.","batch004"
"new_product_candidate","P2","SAU_9725.jpg","Aroy-D Jackfruit in Syrup 565g","create_missing_product","","","mismatch","","","","Catalog has Twin Elephants jackfruit.","batch004"
"new_product_candidate","P2","SAU_9727.jpg","Aroy-D Rambutan in Syrup 565g","create_missing_product","","","unmatched","","","","No exact match found.","batch004"
"new_product_candidate","P2","SAU_9728.jpg","Aroy-D Longan in Syrup 565g","create_missing_product","","","unmatched","","","","No exact match found.","batch004"
"new_product_candidate","P2","SAU_9730.jpg","Por Kwan Minced Prawn in Spices 160g","create_missing_product","","","unmatched","","","","No exact match found.","batch004"
"new_product_candidate","P2","SAU_9731.jpg","Szechuen Radis Chinois 340g","create_missing_product","","","unmatched","","","","No exact match found.","batch004"
"new_product_candidate","P2","SAU_9732.jpg","Wangzhihe Pure Sesame Paste 225g","create_missing_product","","","unmatched","","","","No exact match found.","batch004"
"new_product_candidate","P2","SAU_9733.jpg","Golden Flower Brand Straw Mushrooms, whole","create_missing_product","","","mismatch","","","","Catalog has Diamond straw mushrooms.","batch004"
"new_product_candidate","P2","SAU_9734.jpg","Szechuen Radischinois puree 340g","create_missing_product","","","unmatched","","","","No exact match found.","batch004"
"new_product_candidate","P2","SAU_9735.jpg","Lobo Oriental Sensation Spicy Mango & Tamarind Sauce 300ml","create_missing_product","","","unmatched","","","","No exact match found.","batch004"
"new_product_candidate","P2","SAU_9736.jpg","Lobo Oriental Sensation Spicy Mango & Lime Sauce 300ml","create_missing_product","","","unmatched","","","","No exact match found.","batch004"
"new_product_candidate","P2","SAU_9739.jpg","Golden Lotus Chilli Sauce for Chicken","create_missing_product","","","unmatched","","","","No exact match found.","batch004"
"new_product_candidate","P2","SAU_9740.jpg","Sichuan pepper oil 210ml","create_missing_product","","","unmatched","","","","No exact match found.","batch004"
"new_product_candidate","P2","SAU_9741.jpg","Flying Goose Green Chilli Sauce 455ml","create_missing_product","","","unmatched","","","","No exact match found.","batch004"
"new_product_candidate","P2","SAU_9747.jpg","Flying Goose Sriracha Super Hot Chilli Sauce 455ml","create_missing_product","","","mismatch","","","","No exact 455ml match found.","batch004"
"new_product_candidate","P2","SAU_9752.jpg","Flying Goose Sriracha Hot Chilli Sauce 455ml","create_missing_product","","","mismatch","","","","No exact 455ml match found.","batch004"
"new_product_candidate","P2","SAU_9755.jpg","Healthy Boy Sweet and Sour Plum Sauce","create_missing_product","","","unmatched","","","","No exact match found.","batch004"
"new_product_candidate","P2","SAU_9757.jpg","Wendjoe Sambal Oelek 725g","create_missing_product","","","unmatched","","","","No exact match found.","batch004"
"new_product_candidate","P2","SAU_9766.jpg","Trung Thanh Foods Sate Tom / Chilli Shrimp Paste","create_missing_product","","","unmatched","","","","No exact match found.","batch004"
"new_product_candidate","P2","SAU_9767.jpg","Hachacorp Bột Canh 190g","create_missing_product","","","unmatched","","","","No exact match found.","batch004"
"new_product_candidate","P2","SAU_9769.jpg","Leng Heng Sour Pickled Green Mustard 350g","create_missing_product","","","unmatched","","","","No exact match found.","batch004"
"new_product_candidate","P2","SAU_9770.jpg","Asia Foods Măng Ao Tôi / bamboo shoot 500g","create_missing_product","","","unmatched","","","","No exact match found.","batch004"
"new_product_candidate","P2","SAU_9786.jpg","Trung Thanh Foods Dam Gao Rice Vinegar 500ml","create_missing_product","","","unmatched","","","","No exact Trung Thanh 500ml rice vinegar match found.","batch005"
"new_product_candidate","P2","SAU_9788.jpg","Dầu mè thơm Nguyễn Châu 250ml","create_missing_product","","","unmatched","","","","No exact Nguyen Chau 250ml fragrant sesame oil match found.","batch005"
"new_product_candidate","P2","SAU_9789.jpg","Sen Soy Premium sushi rice seasoning","create_missing_product","","","unmatched","","","","No exact Sen Soy sushi seasoning match found.","batch005"
"new_product_candidate","P2","SAU_9791.jpg","Chinese dried root/vegetable strips, 100g visible","focused_manual_reading","","","needs review","","","","Product name/brand not reliable enough.","batch005"
"new_product_candidate","P2","SAU_9795.jpg","Sen Soy Sushi Nori 10 pcs / 25g","create_missing_product","","","mismatch","","","","Catalog has other Sen Soy nori pack sizes.","batch005"
"new_product_candidate","P2","SAU_9798.jpg","Chois1 Yaki Sushi Nori Gold 50 sheets 125g","create_missing_product","","","unmatched","","","","No exact Chois1 nori match found.","batch005"
"new_product_candidate","P2","SAU_9799.jpg","Sushi Nori Gimbapgim 10 pcs","create_missing_product","","","unmatched","","","","No exact 10-piece gimbap nori match found.","batch005"
"new_product_candidate","P2","SAU_9802.jpg","Black beans 400g","create_missing_product","","","unmatched","","","","No exact match found.","batch005"
"new_product_candidate","P2","SAU_9803.jpg","Hiep Long roasted peanuts 500g","create_missing_product","","","unmatched","","","","No exact Hiep Long 500g roasted peanuts match found.","batch005"
"new_product_candidate","P2","SAU_9805.jpg","Peeled split mung beans 400g","create_missing_product","","","unmatched","","","","No exact match found.","batch005"
"new_product_candidate","P2","SAU_9806.jpg","Tapioca Pearl 400g","create_missing_product","","","unmatched","","","","No exact match found.","batch005"
"new_product_candidate","P2","SAU_9807.jpg","S&C wasabi / green mustard 43g","create_missing_product","","","mismatch","","","","Catalog has other wasabi brands.","batch005"
"new_product_candidate","P2","SAU_9810.jpg","Hiep Long / Asia Foods dried shiitake mushrooms 100g","create_missing_product","","","unmatched","","","","No exact Hiep Long / Asia Foods 100g shiitake match found.","batch005"
"new_product_candidate","P2","SAU_9811.jpg","Paldo roasted seaweed original flavour, 3 x 5g","create_missing_product","","","unmatched","","","","No exact Paldo seaweed match found.","batch005"
"new_product_candidate","P2","SAU_9812.jpg","Paldo roasted seaweed wasabi flavoured, 3 x 5g","create_missing_product","","","unmatched","","","","No exact Paldo seaweed match found.","batch005"
"new_product_candidate","P2","SAU_9813.jpg","Kinmikan Hon Mirin / cooking seasoning, about 300ml","create_missing_product","","","unmatched","","","","No exact Kinmikan mirin match found.","batch005"
"new_product_candidate","P2","SAU_9816.jpg","Acecook Oh! Ricey rice noodles 500g","create_missing_product","","","unmatched","","","","No exact Acecook 500g rice noodle match found.","batch005"
"new_product_candidate","P2","SAU_9817.jpg","Fishwellbrand Shirataki Noodles Knot 380g / drained 190g","create_missing_product","","","unmatched","","","","No exact Fishwellbrand shirataki knot match found.","batch005"
"new_product_candidate","P2","SAU_9818.jpg","Hiep Long My Chu rice noodles 400g","create_missing_product","","","unmatched","","","","No exact Hiep Long My Chu 400g match found.","batch005"
"new_product_candidate","P2","SAU_9819.jpg","Oriental Food Banh Pho Thuong Hang rice stick 5mm 400g","create_missing_product","","","unmatched","","","","No exact Oriental Food 400g rice stick match found.","batch005"
"new_product_candidate","P2","SAU_9824.jpg","Asia Foods Fresh Ramen Noodles 200g","create_missing_product","","","unmatched","","","","No exact Asia Foods fresh ramen match found.","batch005"
"new_product_candidate","P2","SAU_9826.jpg","Shunhe Longkou Vermicelli 250g","create_missing_product","","","mismatch","","","","Catalog has LongKou vermicelli in other pack sizes.","batch005"
"new_product_candidate","P2","SAU_9827.jpg","Hiep Long Dac San Mien Moc tapioca noodles 500g","create_missing_product","","","unmatched","","","","No exact Hiep Long Mien Moc 500g match found.","batch005"
"new_product_candidate","P2","SAU_9829.jpg","Acecook Oh! Ricey Rice Vermicelli 400g","create_missing_product","","","unmatched","","","","No exact Acecook 400g rice vermicelli match found.","batch005"
"new_product_candidate","P2","SAU_9830.jpg","Good Banquet Dried Vermicelli 210g","create_missing_product","","","unmatched","","","","No exact Good Banquet 210g vermicelli match found.","batch005"
"new_product_candidate","P2","SAU_9831.jpg","LaMi Mien Moc Glass Vermicelli 250g","create_missing_product","","","unmatched","","","","No exact LaMi 250g glass vermicelli match found.","batch005"
"new_product_candidate","P2","SAU_9833.jpg","Farmer Brand Banh Cuon Kho / Rice Flakes 227g","create_missing_product","","","unmatched","","","","No exact Farmer Brand rice flakes match found.","batch005"
"new_product_candidate","P2","SAU_9834.jpg; SAU_9835.jpg","Hiep Long Mi Lau Chua 500g","create_missing_product","","","unmatched","","","","No exact Hiep Long Mi Lau Chua 500g match found.","batch005"
"new_product_candidate","P2","SAU_9837.jpg","Vimixa Quick Cooking Noodles 500g","create_missing_product","","","unmatched","","","","No exact Vimixa 500g noodle match found.","batch006"
"new_product_candidate","P2","SAU_9838.jpg","Sa Giang Brown Rice Vermicelli 200g","create_missing_product","","","unmatched","","","","No exact Sa Giang 200g brown rice vermicelli match found.","batch006"
"new_product_candidate","P2","SAU_9840.jpg","LaMi Bun Ha Noi Rice Vermicelli Size S 500g Hiep Long","create_missing_product","","","unmatched","","","","No exact Size S row found.","batch006"
"new_product_candidate","P2","SAU_9841.jpg","LaMi Bun Ha Noi Rice Vermicelli Size M 500g Hiep Long","create_missing_product","ADG-000013","LaMi Pho Ha Noi Size M 500g Hiep Long","mismatch","","","","Catalog ADG-000013 is LaMi Pho Ha Noi Size M, not this Bun Ha Noi pack.","batch006"
"new_product_candidate","P2","SAU_9842.jpg","LaMi Bun Ha Noi Rice Vermicelli Size L 500g Hiep Long","create_missing_product","","","unmatched","","","","No exact Size L row found.","batch006"
"new_product_candidate","P2","SAU_9846.jpg","Farmhouse Special Formula Bread Crumbs 200g","create_missing_product","","","unmatched","","","","No exact Farmhouse 200g breadcrumbs match found.","batch006"
"new_product_candidate","P2","SAU_9847.jpg","Gogi Tempura Flour 150g","create_missing_product","","","unmatched","","","","No exact Gogi 150g tempura flour match found.","batch006"
"new_product_candidate","P2","SAU_9851.jpg","Choya Original, alcoholic beverage","create_missing_product","","","unmatched","","","","No exact match; alcohol listing/compliance should be confirmed before listing.","batch006"
"new_product_candidate","P2","SAU_9852.jpg","Chang Classic Beer","create_missing_product","","","unmatched","","","","No exact match; alcohol listing/compliance should be confirmed before listing.","batch006"
"new_product_candidate","P2","SAU_9854.jpg","OKF Aloe Vera King Lychee 500ml","create_missing_product","","","unmatched","","","","No exact OKF Aloe King drink match found.","batch006"
"new_product_candidate","P2","SAU_9855.jpg","OKF Aloe Vera King Original 500ml","create_missing_product","","","unmatched","","","","No exact OKF Aloe King drink match found.","batch006"
"new_product_candidate","P2","SAU_9856.jpg","OKF Aloe King Lychee/Original two-bottle gallery photo","create_missing_product","","","unmatched","","","","Gallery/marketing use only unless split by SKU.","batch006"
"new_product_candidate","P2","SAU_9857.jpg","Basil Seed Drink Pink Passion Fruit flavour","create_missing_product","","","unmatched","","","","No exact basil seed drink match found.","batch006"
"new_product_candidate","P2","SAU_9858.jpg","Basil Seed Drink Mango flavour","create_missing_product","","","unmatched","","","","No exact basil seed drink match found.","batch006"
"new_product_candidate","P2","SAU_9859.jpg","OKF Aloe Vera King Mango 500ml","create_missing_product","","","unmatched","","","","No exact OKF Aloe King drink match found.","batch006"
"new_product_candidate","P2","SAU_9860.jpg","Tsingtao Premium Beer","create_missing_product","","","unmatched","","","","No exact match; alcohol listing/compliance should be confirmed before listing.","batch006"
"new_product_candidate","P2","SAU_9861.jpg","Sagiko Mixed Fruit Drink","create_missing_product","","","unmatched","","","","No exact Sagiko drink match found.","batch006"
"new_product_candidate","P2","SAU_9862.jpg","Sagiko Strawberry Drink","create_missing_product","","","unmatched","","","","No exact Sagiko drink match found.","batch006"
"new_product_candidate","P2","SAU_9863.jpg","Sagiko Mango Drink","create_missing_product","","","unmatched","","","","No exact Sagiko drink match found.","batch006"
"new_product_candidate","P2","SAU_9864.jpg","Sagiko Soursop Juice","create_missing_product","","","unmatched","","","","No exact Sagiko drink match found.","batch006"
"new_product_candidate","P2","SAU_9869.jpg","Mixed drink group photo","create_missing_product","","","unmatched","","","","No exact single SKU match; gallery/marketing use only.","batch006"
"new_product_candidate","P2","SAU_9872.jpg","Kinley Bitter Rose / pink mixer","create_missing_product","","","unmatched","","","","No exact Kinley match found.","batch006"
"new_product_candidate","P2","SAU_9873.jpg","Kinley tonic-style mixer","create_missing_product","","","unmatched","","","","No exact Kinley match found.","batch006"
"new_product_candidate","P2","SAU_9874.jpg","Fanta Orange bottle","create_missing_product","","","mismatch","","","","Catalog has Fanta grape 300ml, not this bottle.","batch006"
"new_product_candidate","P2","SAU_9875.jpg","Lipton Peach Ice Tea bottle","create_missing_product","","","mismatch","","","","Catalog has Lipton Sakura tea bags, not this drink.","batch006"
"new_product_candidate","P2","SAU_9877.jpg","Bia Saigon Export Beer","create_missing_product","","","unmatched","","","","No exact match; alcohol listing/compliance should be confirmed before listing.","batch006"
"new_product_candidate","P2","SAU_9878.jpg","Cappy Apple drink","create_missing_product","","","unmatched","","","","No exact Cappy match found.","batch006"
"new_product_candidate","P2","SAU_9879.jpg","Cappy Orange drink","create_missing_product","","","unmatched","","","","No exact Cappy match found.","batch006"
"new_product_candidate","P2","SAU_9880.jpg","Lipton Raspberry/Cherry Blossom Ice Tea bottle","create_missing_product","","","unmatched","","","","No exact Lipton bottled drink match found.","batch006"
"new_product_candidate","P2","SAU_9881.jpg","Lipton Lemon Ice Tea bottle","create_missing_product","","","unmatched","","","","No exact Lipton bottled drink match found.","batch006"
"new_product_candidate","P2","SAU_9935.jpg","Vifon Pho Bo beef flavour instant rice noodle","create_missing_product","","","mismatch","","","","Catalog has MAMA Pho Bo, not Vifon.","batch006"
"marketing_asset","P3","SAU_9467.jpg; SAU_9469.jpg; SAU_9471.jpg; SAU_9472.jpg; SAU_9480.jpg; SAU_9492.jpg; SAU_9501.jpg; SAU_9522.jpg; SAU_9542.jpg; SAU_9548.jpg; SAU_9558.jpg; SAU_9560.jpg; SAU_9567.jpg","Lifestyle/category images from batch 002","use_marketing_asset","","","category/lifestyle","","","","Useful for homepage/category/recipe; not a single SKU main image.","batch002"
"marketing_asset","P3","SAU_9597.jpg; SAU_9619.jpg; SAU_9635.jpg","Grouped sachets/sauce/curry paste images","use_marketing_asset","","","multi-product","","","","Useful for category blocks or secondary gallery; do not map as single SKU.","batch003"
"marketing_asset","P3","SAU_9903.jpg; SAU_9907.jpg; SAU_9912.jpg; SAU_9913.jpg; SAU_9915.jpg; SAU_9922.jpg; SAU_9924.jpg; SAU_9932.jpg; SAU_9933.jpg; SAU_9934.jpg; SAU_9946.jpg; SAU_9947.jpg; SAU_9952.jpg; SAU_9962.jpg; SAU_9968.jpg; SAU_9973.jpg; SAU_9974.jpg; SAU_9976.jpg; SAU_9978.jpg; SAU_9993.jpg; SAU_9999.jpg","Prepared dish / recipe photos","use_marketing_asset","","","lifestyle","","","","Use for banners, recipes, category visuals, or prepared-food content; not product SKU packshots.","batch006"
"store_gallery","P3","SAU_0002.jpg; SAU_0003.jpg; SAU_0006.jpg; SAU_0009.jpg; SAU_0010.jpg; SAU_0013.jpg; SAU_0014.jpg; SAU_0015.jpg; SAU_0018.jpg; SAU_0019.jpg; SAU_0020.jpg; SAU_0021.jpg; SAU_0022.jpg; SAU_0023.jpg; SAU_0025.jpg; SAU_0026.jpg; SAU_0027.jpg; SAU_0028.jpg; SAU_0029.jpg","Store/interior/marketing photos","use_store_gallery","","","store_gallery","","","","Useful for homepage/about/store gallery/delivery trust sections; not product SKU photos.","batch001"
