cohortRank,group,groupRank,sku,productId,name,category,metadataGapCount,missingFields,clearPackageSize,packageSize,packageSizeReason,stockQuantities,stockPlaceholder100,legacySku,sourceUrl,productUrl
1,sauces_pastes_spices,1,ADG-000118,1e99d371-8e7d-484c-83d9-f83d5fb13ba2,Trawa cytrynowa suszona w kawałkach 50g,przyprawy,3,allergenDeclaration|nutrition|storageZone,true,50g,clear_single_size,100,true,KIMCHI-436,https://kimchi.pl/product-pol-436.html,https://asiandeligo.eshoper.pro/products/trawa-cytrynowa-suszona-w-kawalkach-50g
2,sauces_pastes_spices,2,ADG-000193,9a81adc5-a8cb-43ad-92b9-0f633c0afd1c,Sos Hoisin 455ml - Flying Goose,sosy-marynaty-oleje,3,allergenDeclaration|nutrition|storageZone,true,455ml,clear_single_size,100,true,KIMCHI-808,https://kimchi.pl/product-pol-808.html,https://asiandeligo.eshoper.pro/products/sos-hoisin-455ml-flying-goose
3,sauces_pastes_spices,3,ADG-000211,1d7b9985-bc5b-4994-83e5-e4704b70f260,Ocet z brązowego ryżu 900ml - CJO Essential,octy-i-winne-przyprawy,3,allergenDeclaration|nutrition|storageZone,true,900ml,clear_single_size,100,true,KIMCHI-863,https://kimchi.pl/product-pol-863.html,https://asiandeligo.eshoper.pro/products/ocet-z-brazowego-ryzu-900ml-cjo-essential
4,sauces_pastes_spices,4,ADG-000219,8166c9ea-669f-4330-96f6-b00b98c8812b,"Mieszanka przypraw do zupy Pho - anyż, cynamon, kardamon 100g - Hiep Long",przyprawy,3,allergenDeclaration|nutrition|storageZone,true,100g,clear_single_size,100,true,KIMCHI-901,https://kimchi.pl/product-pol-901.html,https://asiandeligo.eshoper.pro/products/mieszanka-przypraw-do-zupy-pho-anyz-cynamon-kardamon-100g-hiep-long
5,sauces_pastes_spices,5,ADG-000270,7b2d6206-f0ec-4e73-b59c-6027f1ad4bae,"Suszone liście limonki kaffir, liście papedy całe 25g - Thai Dancer",przyprawy,3,allergenDeclaration|nutrition|storageZone,true,25g,clear_single_size,100,true,KIMCHI-1135,https://kimchi.pl/product-pol-1135.html,https://asiandeligo.eshoper.pro/products/suszone-liscie-limonki-kaffir-liscie-papedy-cale-25g-thai-dancer
6,sauces_pastes_spices,6,ADG-000372,9d96ed24-853b-428d-9e82-79520409a56c,Sos sojowy o zmniejszonej zawartości soli 150ml - Kikkoman,sos-sojowy,3,allergenDeclaration|countryOfOrigin|storageZone,true,150ml,clear_single_size,100,true,KIMCHI-1541,https://kimchi.pl/product-pol-1541.html,https://asiandeligo.eshoper.pro/products/sos-sojowy-o-zmniejszonej-zawartosci-soli-150ml-kikkoman
7,sauces_pastes_spices,7,ADG-000437,53ea2d5e-70ce-4628-a83a-e30ccafff173,Ocet ryżowy 1l - Asia Kitchen,octy-i-winne-przyprawy,3,allergenDeclaration|nutrition|storageZone,true,1000ml,clear_single_size,100,true,KIMCHI-2254,https://kimchi.pl/product-pol-2254.html,https://asiandeligo.eshoper.pro/products/ocet-ryzowy-1l-asia-kitchen
8,sauces_pastes_spices,8,ADG-000455,1ac37bfa-e68d-4768-b780-2575f93a123a,"Glutaminian sodu, Aji-no-Moto MSG 200g - Ajinomoto",przyprawy,3,allergenDeclaration|nutrition|storageZone,true,200g,clear_single_size,100,true,KIMCHI-2329,https://kimchi.pl/product-pol-2329.html,https://asiandeligo.eshoper.pro/products/glutaminian-sodu-aji-no-moto-msg-200g-ajinomoto
9,sauces_pastes_spices,9,ADG-000497,91a4b6de-81e3-4c1a-9acc-536964cae9a5,"Glutaminian sodu, Aji-no-Moto MSG 454g - Ajinomoto",przyprawy,3,allergenDeclaration|nutrition|storageZone,true,454g,clear_single_size,100,true,KIMCHI-2518,https://kimchi.pl/product-pol-2518.html,https://asiandeligo.eshoper.pro/products/glutaminian-sodu-aji-no-moto-msg-454g-ajinomoto
10,sauces_pastes_spices,10,ADG-001241,570c6a24-2464-491f-ad48-f22b9a5ed7a4,Koreański sos rybny do kimchi Kanari Jeot 800g - YakMokCham,sosy-marynaty,3,allergenDeclaration|nutrition|storageZone,true,800g,clear_single_size,100,true,KIMCHI-4974,https://kimchi.pl/product-pol-4974.html,https://asiandeligo.eshoper.pro/products/koreanski-sos-rybny-do-kimchi-kanari-jeot-800g-yakmokcham
11,sauces_pastes_spices,11,ADG-000054,02fe4e19-1af4-4171-8703-27d8e35a9ed5,Pasta Curry Massaman 50g,pasty-smakowe,2,allergenDeclaration|storageZone,true,50g,clear_single_size,100,true,KIMCHI-190,https://kimchi.pl/product-pol-190.html,https://asiandeligo.eshoper.pro/products/pasta-curry-massaman-50g
12,sauces_pastes_spices,12,ADG-000055,da4e62d4-0ca7-4074-ab18-f3ce75df5d85,Pasta curry czerwona 50g,pasty-smakowe,2,allergenDeclaration|storageZone,true,50g,clear_single_size,100,true,KIMCHI-191,https://kimchi.pl/product-pol-191.html,https://asiandeligo.eshoper.pro/products/pasta-curry-czerwona-50g
13,sauces_pastes_spices,13,ADG-000056,dfbd5ffe-4745-4f6e-92de-ffe2aecc2c5a,Pasta curry zielona 50g Cock Brand,pasty-smakowe,2,allergenDeclaration|storageZone,true,50g,clear_single_size,100,true,KIMCHI-192,https://kimchi.pl/product-pol-192.html,https://asiandeligo.eshoper.pro/products/pasta-curry-zielona-50g-cock-brand
14,sauces_pastes_spices,14,ADG-000073,a7afb846-034f-4204-87e6-f33846105833,Galangal w proszku 100g Cock Brand,przyprawy,2,allergenDeclaration|nutrition,true,100g,clear_single_size,100,true,KIMCHI-269,https://kimchi.pl/product-pol-269.html,https://asiandeligo.eshoper.pro/products/galangal-w-proszku-100g-cock-brand
15,sauces_pastes_spices,15,ADG-000078,157af52f-61b3-404c-8481-065a12269279,Pasta z tamaryndowca 227g - Suree,pasty-smakowe,2,allergenDeclaration|storageZone,true,227g,clear_single_size,100,true,KIMCHI-279,https://kimchi.pl/product-pol-279.html,https://asiandeligo.eshoper.pro/products/pasta-z-tamaryndowca-227g-suree
16,sauces_pastes_spices,16,ADG-000079,66c1dd47-05d2-4610-8de8-f53f8d519c81,"Dhania, kolendra mielona 100g TRS",przyprawy,2,allergenDeclaration|nutrition,true,100g,clear_single_size,100,true,KIMCHI-281,https://kimchi.pl/product-pol-281.html,https://asiandeligo.eshoper.pro/products/dhania-kolendra-mielona-100g-trs
17,sauces_pastes_spices,17,ADG-000085,f238ff91-b625-4762-9aca-a6fa5e91a55a,Pasta curry czerwona 400g,pasty-smakowe,2,allergenDeclaration|storageZone,true,400g,clear_single_size,100,true,KIMCHI-318,https://kimchi.pl/product-pol-318.html,https://asiandeligo.eshoper.pro/products/pasta-curry-czerwona-400g
18,sauces_pastes_spices,18,ADG-000091,f588dea3-e54b-4fc8-b2f9-56ca33933098,Cukier trzcinowy (brązowy) nierafinowany 500g - Mauritius Golden Cane,przyprawy-jednoskładnikowe,2,allergenDeclaration|storageZone,true,500g,clear_single_size,100,true,KIMCHI-343,https://kimchi.pl/product-pol-343.html,https://asiandeligo.eshoper.pro/products/cukier-trzcinowy-brazowy-nierafinowany-500g-mauritius-golden-cane
19,sauces_pastes_spices,19,ADG-000092,a490f812-95f6-4684-b022-4ced38007635,Syrop kukurydziany 100% 700g - CJO Essential,sosy-marynaty,2,allergenDeclaration|storageZone,true,700g,clear_single_size,100,true,KIMCHI-348,https://kimchi.pl/product-pol-348.html,https://asiandeligo.eshoper.pro/products/syrop-kukurydziany-100-700g-cjo-essential
20,sauces_pastes_spices,20,ADG-000097,d41e1380-bb47-443d-867a-05c201800686,Słodko-pikantny sos chili do kurczaka 650ml - Cock Brand,sosy-marynaty,2,allergenDeclaration|storageZone,true,650ml,clear_single_size,100,true,KIMCHI-357,https://kimchi.pl/product-pol-357.html,https://asiandeligo.eshoper.pro/products/slodko-pikantny-sos-chili-do-kurczaka-650ml-cock-brand
21,sauces_pastes_spices,21,ADG-000116,895634b9-1aa6-4257-b5f0-0597385c0991,"Mąka ryżowa, bezglutenowa 400g - Cock Brand",mąki-panierki-tapioka,2,allergenDeclaration|storageZone,true,400g,clear_single_size,100,true,KIMCHI-426,https://kimchi.pl/product-pol-426.html,https://asiandeligo.eshoper.pro/products/maka-ryzowa-bezglutenowa-400g-cock-brand
22,sauces_pastes_spices,22,ADG-000117,e372e7da-30a3-4548-ab2f-f9da05ffee53,Mąka ryżowa kleista 400g bezglutenowa - Cock Brand,mąki-panierki-tapioka,2,allergenDeclaration|storageZone,true,400g,clear_single_size,100,true,KIMCHI-427,https://kimchi.pl/product-pol-427.html,https://asiandeligo.eshoper.pro/products/maka-ryzowa-kleista-400g-bezglutenowa-cock-brand
23,sauces_pastes_spices,23,ADG-000119,a418903f-3562-42dc-b9a4-b02c4aa9d136,"Sos chili Sriracha, bardzo ostry (chili 70%) 200ml - Flying Goose",sosy-marynaty,2,allergenDeclaration|storageZone,true,200ml,clear_single_size,100,true,KIMCHI-440,https://kimchi.pl/product-pol-440.html,https://asiandeligo.eshoper.pro/products/sos-chili-sriracha-bardzo-ostry-chili-70-200ml-flying-goose
24,sauces_pastes_spices,24,ADG-000125,cb263336-13b4-47ab-86b9-9aeab82064b5,"Tapioka, perełki małe 400g - Cock Brand",mąki-panierki-tapioka,2,allergenDeclaration|storageZone,true,400g,clear_single_size,100,true,KIMCHI-468,https://kimchi.pl/product-pol-468.html,https://asiandeligo.eshoper.pro/products/tapioka-perelki-male-400g-cock-brand
25,sauces_pastes_spices,25,ADG-000128,91dac45c-73ca-4cdd-9902-2789fbceaff2,"Tapioka, perełki duże 454g - Cock Brand",mąki-panierki-tapioka,2,allergenDeclaration|storageZone,true,454g,clear_single_size,100,true,KIMCHI-493,https://kimchi.pl/product-pol-493.html,https://asiandeligo.eshoper.pro/products/tapioka-perelki-duze-454g-cock-brand
26,sauces_pastes_spices,26,ADG-000155,613b56fb-6482-4a28-8569-e3f9a774ec4b,"Płatki suszonego tuńczyka bonito, Katsuobushi 20g",buliony,2,nutrition|countryOfOrigin,true,20g,clear_single_size,100,true,KIMCHI-639,https://kimchi.pl/product-pol-639.html,https://asiandeligo.eshoper.pro/products/platki-suszonego-tunczyka-bonito-katsuobushi-20g
27,sauces_pastes_spices,27,ADG-000163,dde98b49-679c-4555-a3c9-76fa8685e152,Mleko kokosowe (70% wyciągu z kokosa) w kartonie 500ml - AROY-D,mleczko-kokosowe,2,allergenDeclaration|countryOfOrigin,true,500ml,clear_single_size,100,true,KIMCHI-682,https://kimchi.pl/product-pol-682.html,https://asiandeligo.eshoper.pro/products/mleko-kokosowe-70-wyciagu-z-kokosa-w-kartonie-500ml-aroy-d
28,sauces_pastes_spices,28,ADG-000168,a2b30fec-71ef-480d-ab87-857a66c7ba28,Pasta Harissa ostra (chili 87%) 135g - Le Phare Du Cap Bon,pasty-smakowe,2,allergenDeclaration|storageZone,true,135g,clear_single_size,100,true,KIMCHI-728,https://kimchi.pl/product-pol-728.html,https://asiandeligo.eshoper.pro/products/pasta-harissa-ostra-chili-87-135g-le-phare-du-cap-bon
29,sauces_pastes_spices,29,ADG-000176,1a939d8e-aa13-45e1-8419-5aeb2b20238b,Papryka Gochugaru / Red Pepper Powder 500g - OURHOME,przyprawy,2,allergenDeclaration|storageZone,true,500g,clear_single_size,100,true,KIMCHI-748,https://kimchi.pl/product-pol-748.html,https://asiandeligo.eshoper.pro/products/papryka-gochugaru-red-pepper-powder-500g-ourhome
30,sauces_pastes_spices,30,ADG-000177,34717b00-9905-410c-9334-38a545df6271,Papryka Gochugaru do kimchi 500g - Ourhome,przyprawy,2,allergenDeclaration|storageZone,true,500g,clear_single_size,100,true,KIMCHI-749,https://kimchi.pl/product-pol-749.html,https://asiandeligo.eshoper.pro/products/papryka-gochugaru-do-kimchi-500g-ourhome
31,sauces_pastes_spices,31,ADG-000191,b8ab7c3a-fbf6-4138-b53b-91401309982b,Chrzan wasabi w proszku S&B puszka 30g,wasabi,2,nutrition|storageZone,true,30g,clear_single_size,100,true,KIMCHI-796,https://kimchi.pl/product-pol-796.html,https://asiandeligo.eshoper.pro/products/chrzan-wasabi-w-proszku-s-and-b-puszka-30g
32,sauces_pastes_spices,32,ADG-000199,28810d83-1b5b-453d-b678-1936013f7f67,"Sos chili Sriracha z czosnkiem, ostry (51% chili) 730ml - Flying Goose",sosy-marynaty,2,allergenDeclaration|storageZone,true,730ml,clear_single_size,100,true,KIMCHI-836,https://kimchi.pl/product-pol-836.html,https://asiandeligo.eshoper.pro/products/sos-chili-sriracha-z-czosnkiem-ostry-51-chili-730ml-flying-goose
33,sauces_pastes_spices,33,ADG-000200,b738fcfa-dba8-44a1-b496-dfb2a8dcb59b,"Sos chili Sriracha, bardzo ostry (chili 61%) 730ml - Flying Goose",sosy-marynaty,2,allergenDeclaration|storageZone,true,730ml,clear_single_size,100,true,KIMCHI-838,https://kimchi.pl/product-pol-838.html,https://asiandeligo.eshoper.pro/products/sos-chili-sriracha-bardzo-ostry-chili-61-730ml-flying-goose
34,sauces_pastes_spices,34,ADG-000201,a938c19f-4922-4203-af85-360607fe85e5,"Syrop kukurydziany 100% 2,45kg - CJO Essential",sosy-marynaty,2,allergenDeclaration|storageZone,true,2450g,clear_single_size,100,true,KIMCHI-839,https://kimchi.pl/product-pol-839.html,https://asiandeligo.eshoper.pro/products/syrop-kukurydziany-100-2-45kg-cjo-essential
35,sauces_pastes_spices,35,ADG-000206,f0d8fa02-6e6b-4b63-8a69-6dfd5bedde59,Pasta Harissa ostra (chili 87%) 70g - Le Phare Du Cap Bon,pasty-smakowe,2,allergenDeclaration|storageZone,true,70g,clear_single_size,100,true,KIMCHI-850,https://kimchi.pl/product-pol-850.html,https://asiandeligo.eshoper.pro/products/pasta-harissa-ostra-chili-87-70g-le-phare-du-cap-bon
36,sauces_pastes_spices,36,ADG-000209,d56cf741-5152-46ae-a325-738965bccaf9,Sos chili Sambal Oelek (chili 86%) 750g - Windmill,sosy-marynaty,2,allergenDeclaration|countryOfOrigin,true,750g,clear_single_size,100,true,KIMCHI-860,https://kimchi.pl/product-pol-860.html,https://asiandeligo.eshoper.pro/products/sos-chili-sambal-oelek-chili-86-750g-windmill
37,sauces_pastes_spices,37,ADG-000213,cefdee71-32c7-4a38-8d6f-15cb95873846,"Pasta Inaka Aka Miso, ciemna 400g - Hikari Miso",pasta-miso,2,ingredients|allergenDeclaration,true,400g,clear_single_size,100,true,KIMCHI-874,https://kimchi.pl/product-pol-874.html,https://asiandeligo.eshoper.pro/products/pasta-inaka-aka-miso-ciemna-400g-hikari-miso
38,sauces_pastes_spices,38,ADG-000246,3dbd7fe1-78ee-47c9-b16e-fc2d23724d74,Wino ryżowe do gotowania Mijak (Mirin) imbirowo-śliwkowe 410ml - CJO Essential,octy-i-winne-przyprawy,2,allergenDeclaration|storageZone,true,410ml,clear_single_size,100,true,KIMCHI-1026,https://kimchi.pl/product-pol-1026.html,https://asiandeligo.eshoper.pro/products/wino-ryzowe-do-gotowania-mijak-mirin-imbirowo-sliwkowe-410ml-cjo-essential
39,sauces_pastes_spices,39,ADG-000248,4b6f2741-deb9-45b7-ab4e-dd17443e8f0c,Syrop ryżowy 100% 700g - CJO Essential,sosy-marynaty,2,allergenDeclaration|storageZone,true,700g,clear_single_size,100,true,KIMCHI-1032,https://kimchi.pl/product-pol-1032.html,https://asiandeligo.eshoper.pro/products/syrop-ryzowy-100-700g-cjo-essential
40,sauces_pastes_spices,40,ADG-000255,369bef7e-2187-4b02-b56b-e112ad3b6c11,Zaprawa do ryżu 500ml - Miyata,octy-i-winne-przyprawy,2,allergenDeclaration|storageZone,true,500ml,clear_single_size,100,true,KIMCHI-1065,https://kimchi.pl/product-pol-1065.html,https://asiandeligo.eshoper.pro/products/zaprawa-do-ryzu-500ml-miyata
41,noodles_rice_ramen,1,ADG-000154,ce3e9adb-083c-4b07-b5b2-2bcda8671cb5,"Ryż do sushi Calrose Kimpo 4,5kg",ryż-i-inne-ziarna,4,allergenDeclaration|nutrition|countryOfOrigin|storageZone,true,4500g,clear_single_size,100,true,KIMCHI-631,https://kimchi.pl/product-pol-631.html,https://asiandeligo.eshoper.pro/products/ryz-do-sushi-calrose-kimpo-4-5kg
42,noodles_rice_ramen,2,ADG-000174,acbbe570-b0a7-4021-9531-7beea26e4764,Makaron ryżowy czerwony Hiep Long 500g,makaron-ryżowy,3,allergenDeclaration|nutrition|storageZone,true,500g,clear_single_size,100,true,KIMCHI-739,https://kimchi.pl/product-pol-739.html,https://asiandeligo.eshoper.pro/products/makaron-ryzowy-czerwony-hiep-long-500g
43,noodles_rice_ramen,3,ADG-000301,8a55515a-bece-45f7-80b7-376097b6c012,"Makaron z brązowego ryżu Vermicelli, nitki 200g - MAMA",makaron-ryżowy,3,allergenDeclaration|nutrition|storageZone,true,200g,clear_single_size,100,true,KIMCHI-1201,https://kimchi.pl/product-pol-1201.html,https://asiandeligo.eshoper.pro/products/makaron-z-brazowego-ryzu-vermicelli-nitki-200g-mama
44,noodles_rice_ramen,4,ADG-000405,ed06e3fe-ff8a-4b32-ac90-b9de823754fa,"Jjajang Men, makaron z sosem z czarnej fasoli, łagodny 200g - Paldo",ramyun-ramen,3,allergenDeclaration|nutrition|storageZone,true,200g,clear_single_size,100,true,KIMCHI-2170,https://kimchi.pl/product-pol-2170.html,https://asiandeligo.eshoper.pro/products/jjajang-men-makaron-z-sosem-z-czarnej-fasoli-lagodny-200g-paldo
45,noodles_rice_ramen,5,ADG-001154,8cc82ac5-1ffb-4fe4-8ac6-ddfe6bfd8ce4,Ramen Kumamoto Mokkosu o smaku tonkotsu 104g - Itsuki,ramyun-ramen,3,allergenDeclaration|nutrition|storageZone,true,104g,clear_single_size,100,true,KIMCHI-4777,https://kimchi.pl/product-pol-4777.html,https://asiandeligo.eshoper.pro/products/ramen-kumamoto-mokkosu-o-smaku-tonkotsu-104g-itsuki
46,noodles_rice_ramen,6,ADG-001210,9f872603-dec3-447e-9c8f-c6704f3a50a6,Ryż Basmati Everyday 1kg - India Gate,ryż-i-inne-ziarna,3,allergenDeclaration|nutrition|storageZone,true,1000g,clear_single_size,100,true,KIMCHI-4913,https://kimchi.pl/product-pol-4913.html,https://asiandeligo.eshoper.pro/products/ryz-basmati-everyday-1kg-india-gate
47,noodles_rice_ramen,7,ADG-001374,cbdef7c1-deaf-493a-a97e-8e9b8c314377,"Danie makaronowe Bodle Bodle Stir-fry Cheese Ramen o smaku serowym, lekko pikantne 120g - Ottogi",ramyun-ramen,3,allergenDeclaration|nutrition|storageZone,true,120g,clear_single_size,100,true,KIMCHI-5200,https://kimchi.pl/product-pol-5200.html,https://asiandeligo.eshoper.pro/products/danie-makaronowe-bodle-bodle-stir-fry-cheese-ramen-o-smaku-serowym-lekko-pikantne-120g-ottogi
48,noodles_rice_ramen,8,ADG-000047,6a1f47f9-7b57-4832-9795-3dd3e442a21b,Makaron ryżowy 3mm 400g Farmer,makaron-ryżowy,2,allergenDeclaration|storageZone,true,400g,clear_single_size,100,true,KIMCHI-157,https://kimchi.pl/product-pol-157.html,https://asiandeligo.eshoper.pro/products/makaron-ryzowy-3mm-400g-farmer
49,noodles_rice_ramen,9,ADG-000048,d7a3e40d-8c0b-4fa2-87b4-eda855f18c80,Makaron ryżowy 5mm 400g Farmer,makaron-ryżowy,2,allergenDeclaration|storageZone,true,400g,clear_single_size,100,true,KIMCHI-158,https://kimchi.pl/product-pol-158.html,https://asiandeligo.eshoper.pro/products/makaron-ryzowy-5mm-400g-farmer
50,noodles_rice_ramen,10,ADG-000059,7884aa86-036b-4036-994a-b1c040deba29,"Ryż do sushi Kimpo Calrose 9,07 kg",ryż-i-inne-ziarna,2,allergenDeclaration|countryOfOrigin,true,9070g,clear_single_size,100,true,KIMCHI-199,https://kimchi.pl/product-pol-199.html,https://asiandeligo.eshoper.pro/products/ryz-do-sushi-kimpo-calrose-9-07-kg
51,noodles_rice_ramen,11,ADG-000104,556b36b1-99c5-44b5-9458-218a02b7cce5,Makaron ryżowy 10mm 400g - Farmer,makaron-ryżowy,2,allergenDeclaration|storageZone,true,400g,clear_single_size,100,true,KIMCHI-387,https://kimchi.pl/product-pol-387.html,https://asiandeligo.eshoper.pro/products/makaron-ryzowy-10mm-400g-farmer
52,noodles_rice_ramen,12,ADG-000123,dc18a337-8019-4687-84e3-da6fba30adad,"Makaron sojowy Vermicelli 500g, pakowane po 5x100g - LongKou",makaron-szklisty,2,allergenDeclaration|storageZone,true,500g,clear_multipack,100,true,KIMCHI-457,https://kimchi.pl/product-pol-457.html,https://asiandeligo.eshoper.pro/products/makaron-sojowy-vermicelli-500g-pakowane-po-5x100g-longkou
53,noodles_rice_ramen,13,ADG-000250,8f80102c-7330-4f9f-b25f-f47f23732672,Makaron ryżowy 1mm 400g - Farmer,makaron-ryżowy,2,allergenDeclaration|storageZone,true,400g,clear_single_size,100,true,KIMCHI-1055,https://kimchi.pl/product-pol-1055.html,https://asiandeligo.eshoper.pro/products/makaron-ryzowy-1mm-400g-farmer
54,noodles_rice_ramen,14,ADG-000251,8a77487b-0a91-4f6e-aef7-16b150ebd6ad,"Makaron Shirataki Konjac, nitki 400g - City Aroma",makaron-konjac,2,allergenDeclaration|storageZone,true,400g,clear_single_size,100,true,KIMCHI-1057,https://kimchi.pl/product-pol-1057.html,https://asiandeligo.eshoper.pro/products/makaron-shirataki-konjac-nitki-400g-city-aroma
55,noodles_rice_ramen,15,ADG-000280,21da15e1-9601-454a-a501-5453470ec95e,"Makaron sojowy vermicelli LongKou 1kg, porcjowany 20 x 50g",makarony,2,allergenDeclaration|storageZone,true,1000g,clear_multipack,100,true,KIMCHI-1153,https://kimchi.pl/product-pol-1153.html,https://asiandeligo.eshoper.pro/products/makaron-sojowy-vermicelli-longkou-1kg-porcjowany-20-x-50g
56,noodles_rice_ramen,16,ADG-000346,4d779243-f64b-4ee6-ae19-a96c3cd05ef6,Ryż czarny kleisty (Ketan Itam) 400g - North South,ryż-i-inne-ziarna,2,allergenDeclaration|storageZone,true,400g,clear_single_size,100,true,KIMCHI-1437,https://kimchi.pl/product-pol-1437.html,https://asiandeligo.eshoper.pro/products/ryz-czarny-kleisty-ketan-itam-400g-north-south
57,noodles_rice_ramen,17,ADG-000419,c5d55aea-8dca-482e-8002-7053ffa3c19a,Zupa Kimchi ramen Hot & Spicy z prawdziwym kimchi 122g - Jongga,ramyun-ramen,2,countryOfOrigin|storageZone,true,122g,clear_single_size,100,true,KIMCHI-2212,https://kimchi.pl/product-pol-2212.html,https://asiandeligo.eshoper.pro/products/zupa-kimchi-ramen-hot-and-spicy-z-prawdziwym-kimchi-122g-jongga
58,noodles_rice_ramen,18,ADG-000547,9bce68bf-7b1c-4e01-90a6-6326112df584,Ryż do sushi Tsuru 1kg - Curtiriso,ryż-i-inne-ziarna,2,allergenDeclaration|countryOfOrigin,true,1000g,clear_single_size,100,true,KIMCHI-2670,https://kimchi.pl/product-pol-2670.html,https://asiandeligo.eshoper.pro/products/ryz-do-sushi-tsuru-1kg-curtiriso
59,noodles_rice_ramen,19,ADG-000578,5ce19b8e-4f1a-4d52-9e72-ed1e05c6f67b,"Kluski ryżowe do Tteokbokki, małe słupki 600g (3 x 200g) - Matamun",kluski-tteok-do-dań,2,allergenDeclaration|storageZone,true,600g,clear_multipack,100,true,KIMCHI-2845,https://kimchi.pl/product-pol-2845.html,https://asiandeligo.eshoper.pro/products/kluski-ryzowe-do-tteokbokki-male-slupki-600g-3-x-200g-matamun
60,noodles_rice_ramen,20,ADG-000581,b91e7213-af53-460f-8515-5ac5740bae93,"Kluski ryżowe do Tteokguk, małe plasterki 600g (3 x 200g) - Matamun",kluski-tteok-do-dań,2,allergenDeclaration|storageZone,true,600g,clear_multipack,100,true,KIMCHI-2858,https://kimchi.pl/product-pol-2858.html,https://asiandeligo.eshoper.pro/products/kluski-ryzowe-do-tteokguk-male-plasterki-600g-3-x-200g-matamun
61,noodles_rice_ramen,21,ADG-000640,4a561e87-71ce-478a-87fa-f2cc4830cd9e,Zupa makaronowa Demae Ramen o smaku kaczki 100g - Nissin,ramyun-ramen,2,countryOfOrigin|storageZone,true,100g,clear_single_size,100,true,KIMCHI-3071,https://kimchi.pl/product-pol-3071.html,https://asiandeligo.eshoper.pro/products/zupa-makaronowa-demae-ramen-o-smaku-kaczki-100g-nissin
62,noodles_rice_ramen,22,ADG-000693,02c517b1-1b8f-4085-9465-f573d043f844,Zupa makaronowa Demae Ramen o smaku miso 100g - Nissin,ramyun-ramen,2,countryOfOrigin|storageZone,true,100g,clear_single_size,100,true,KIMCHI-3267,https://kimchi.pl/product-pol-3267.html,https://asiandeligo.eshoper.pro/products/zupa-makaronowa-demae-ramen-o-smaku-miso-100g-nissin
63,noodles_rice_ramen,23,ADG-000781,c655f731-bd4e-4903-a4a0-c3332daf3bc0,Ryż jaśminowy Premium Quality Orange 5kg - Royal Umbrella,ryż-i-inne-ziarna,2,allergenDeclaration|nutrition,true,5000g,clear_single_size,100,true,KIMCHI-3742,https://kimchi.pl/product-pol-3742.html,https://asiandeligo.eshoper.pro/products/ryz-jasminowy-premium-quality-orange-5kg-royal-umbrella
64,noodles_rice_ramen,24,ADG-000968,b0afc235-8b9d-4b73-984c-9ea9c01b29e4,Makaron ryżowy Vermicelli Bun Gao 400g - ICV,makaron-ryżowy,2,allergenDeclaration|storageZone,true,400g,clear_single_size,100,true,KIMCHI-4334,https://kimchi.pl/product-pol-4334.html,https://asiandeligo.eshoper.pro/products/makaron-ryzowy-vermicelli-bun-gao-400g-icv
65,noodles_rice_ramen,25,ADG-001008,1be21c1b-ce11-432f-aaca-7b617e314f8b,"Kluski ryżowe do tteokbokki krojone, małe słupki A+ 500g - HoSan",kluski-tteok-do-dań,2,allergenDeclaration|storageZone,true,500g,clear_single_size,100,true,KIMCHI-4428,https://kimchi.pl/product-pol-4428.html,https://asiandeligo.eshoper.pro/products/kluski-ryzowe-do-tteokbokki-krojone-male-slupki-a-500g-hosan
66,noodles_rice_ramen,26,ADG-001021,27937c35-4d6e-43de-85bc-37e078c3c327,Ryż Basmati Original 1kg - Swad,ryż-i-inne-ziarna,2,allergenDeclaration|storageZone,true,1000g,clear_single_size,100,true,KIMCHI-4455,https://kimchi.pl/product-pol-4455.html,https://asiandeligo.eshoper.pro/products/ryz-basmati-original-1kg-swad
67,noodles_rice_ramen,27,ADG-001039,bbd40b6f-2dc1-44dd-872f-2f0e7ee9c21e,Ryż jaśminowy Thai Hom Mali Rice 1kg - Aroy-D,ryż-i-inne-ziarna,2,allergenDeclaration|storageZone,true,1000g,clear_single_size,100,true,KIMCHI-4518,https://kimchi.pl/product-pol-4518.html,https://asiandeligo.eshoper.pro/products/ryz-jasminowy-thai-hom-mali-rice-1kg-aroy-d
68,noodles_rice_ramen,28,ADG-001285,1d3ad7ff-c2d4-4af3-afd0-6fb9c7211778,Ryż kleisty tajski 1kg - Better Brand STC,ryż-i-inne-ziarna,2,allergenDeclaration|nutrition,true,1000g,clear_single_size,100,true,KIMCHI-5057,https://kimchi.pl/product-pol-5057.html,https://asiandeligo.eshoper.pro/products/ryz-kleisty-tajski-1kg-better-brand-stc
69,noodles_rice_ramen,29,ADG-001415,7f628ce5-d117-4045-927e-b93c4cd15f8c,Ryż Basmati Premium Quality 1kg - Royal Tiger,ryż-do-sushi-i-nie-tylko,2,allergenDeclaration|storageZone,true,1000g,clear_single_size,100,true,KIMCHI-5260,https://kimchi.pl/product-pol-5260.html,https://asiandeligo.eshoper.pro/products/ryz-basmati-premium-quality-1kg-royal-tiger
70,noodles_rice_ramen,30,ADG-000002,ee7cf8bc-0e9d-4e95-980b-ca780f9856f5,Ryż jaśminowy Premium Thai Hom Mali 1kg Smart Chef,ryż-i-inne-ziarna,1,allergenDeclaration,true,1000g,clear_single_size,100,true,KIMCHI-10,https://kimchi.pl/product-pol-10.html,https://asiandeligo.eshoper.pro/products/ryz-jasminowy-premium-thai-hom-mali-1kg-smart-chef
71,noodles_rice_ramen,31,ADG-000013,fcb4e219-4932-4bf0-8774-4e1e0b481849,Makaron ryżowy LaMi M do Pho 500g Hiep Long,makaron-ryżowy,1,allergenDeclaration,true,500g,clear_single_size,100,true,KIMCHI-38,https://kimchi.pl/product-pol-38.html,https://asiandeligo.eshoper.pro/products/makaron-ryzowy-lami-m-do-pho-500g-hiep-long
72,noodles_rice_ramen,32,ADG-000014,33b0bd6b-b697-4b01-ad4d-405380eda556,"Makaron ryżowy Vermicelli, nitki 454g Farmer",makaron-ryżowy,1,allergenDeclaration,true,454g,clear_single_size,100,true,KIMCHI-39,https://kimchi.pl/product-pol-39.html,https://asiandeligo.eshoper.pro/products/makaron-ryzowy-vermicelli-nitki-454g-farmer
73,noodles_rice_ramen,33,ADG-000015,546df607-902a-4a38-b5d6-d0c74d422289,Makaron ryżowy do dania Bun Cha 500g Hiep Long,makaron-ryżowy,1,allergenDeclaration,true,500g,clear_single_size,100,true,KIMCHI-40,https://kimchi.pl/product-pol-40.html,https://asiandeligo.eshoper.pro/products/makaron-ryzowy-do-dania-bun-cha-500g-hiep-long
74,noodles_rice_ramen,34,ADG-000017,45f89ee5-d0fc-4d94-bc3b-814ff8d9bc6f,Makaron sojowy Vermicelli 100g LongKou,makaron-szklisty,1,allergenDeclaration,true,100g,clear_single_size,100,true,KIMCHI-42,https://kimchi.pl/product-pol-42.html,https://asiandeligo.eshoper.pro/products/makaron-sojowy-vermicelli-100g-longkou
75,noodles_rice_ramen,35,ADG-000037,c8593d71-1a07-4b94-8457-dcebb41a025a,Ryż do sushi 500g House of Asia,ryż-i-inne-ziarna,1,allergenDeclaration,true,500g,clear_single_size,100,true,KIMCHI-134,https://kimchi.pl/product-pol-134.html,https://asiandeligo.eshoper.pro/products/ryz-do-sushi-500g-house-of-asia
76,noodles_rice_ramen,36,ADG-000040,3361b22c-5fe0-4606-86d3-536da916f3e0,Ryż do sushi 1kg Kimpo,ryż-i-inne-ziarna,1,allergenDeclaration,true,1000g,clear_single_size,100,true,KIMCHI-146,https://kimchi.pl/product-pol-146.html,https://asiandeligo.eshoper.pro/products/ryz-do-sushi-1kg-kimpo
77,noodles_rice_ramen,37,ADG-000087,e1b1219f-d952-4e0b-85b0-52e48f01800e,"Zupa makaronowa Neoguri Ramyun z owocami morza, ostra 120g - Nongshim",ramyun-ramen,1,storageZone,true,120g,clear_single_size,100,true,KIMCHI-324,https://kimchi.pl/product-pol-324.html,https://asiandeligo.eshoper.pro/products/zupa-makaronowa-neoguri-ramyun-z-owocami-morza-ostra-120g-nongshim
78,noodles_rice_ramen,38,ADG-000096,fbb02e6e-7afd-456c-a95b-89191d711b7d,"Zupa instant Shin Kimchi Ramyun, ostra 120g Nongshim",ramyun-ramen,1,storageZone,true,120g,clear_single_size,100,true,KIMCHI-355,https://kimchi.pl/product-pol-355.html,https://asiandeligo.eshoper.pro/products/zupa-instant-shin-kimchi-ramyun-ostra-120g-nongshim
79,noodles_rice_ramen,39,ADG-000107,2fd8be3e-3631-4eba-aa9f-3655859c1e45,"Zupa Soon Veggie Ramyun, lekko pikantna 112g - Nongshim",ramyun-ramen,1,storageZone,true,112g,clear_single_size,100,true,KIMCHI-404,https://kimchi.pl/product-pol-404.html,https://asiandeligo.eshoper.pro/products/zupa-soon-veggie-ramyun-lekko-pikantna-112g-nongshim
80,noodles_rice_ramen,40,ADG-000133,c610df48-b6c8-469e-8414-c6b3c2bbec3b,"Zupa instant Shin Ramyun, duża micha 114g - Nongshim",ramyun-ramen,1,storageZone,true,114g,clear_single_size,100,true,KIMCHI-510,https://kimchi.pl/product-pol-510.html,https://asiandeligo.eshoper.pro/products/zupa-instant-shin-ramyun-duza-micha-114g-nongshim
81,snacks_sweets,1,ADG-000274,c74ff8cf-a726-448a-a12f-194db70b2c90,Larwy jedwabnika w zalewie 130g - Yoo Dong,słodycze-przekąski,3,allergenDeclaration|nutrition|storageZone,true,130g,clear_single_size,100,true,KIMCHI-1140,https://kimchi.pl/product-pol-1140.html,https://asiandeligo.eshoper.pro/products/larwy-jedwabnika-w-zalewie-130g-yoo-dong
82,snacks_sweets,2,ADG-000816,97346035-6c6c-42c6-988f-04ceab267c29,"Mochi, ryżowe ciasteczka w 3 smakach 250g - Royal Family",słodycze-przekąski,3,allergenDeclaration|nutrition|storageZone,true,250g,clear_single_size,100,true,KIMCHI-3811,https://kimchi.pl/product-pol-3811.html,https://asiandeligo.eshoper.pro/products/mochi-ryzowe-ciasteczka-w-3-smakach-250g-royal-family
83,snacks_sweets,3,ADG-001046,b24409ce-8c4f-486b-b939-4674d05d8b58,Chipsy ziemniaczane Chili Spicy Crayfish o smaku raka 104g - Lay's,słodycze-przekąski,3,allergenDeclaration|nutrition|storageZone,true,104g,clear_single_size,100,true,KIMCHI-4531,https://kimchi.pl/product-pol-4531.html,https://asiandeligo.eshoper.pro/products/chipsy-ziemniaczane-chili-spicy-crayfish-o-smaku-raka-104g-lay-s
84,snacks_sweets,4,ADG-001217,7d4cc756-383f-46b6-85d3-1496122108a6,Wafelki z nadzieniem Cream Collon Assari Milk 81g - Glico,słodycze-przekąski,3,allergenDeclaration|nutrition|storageZone,true,81g,clear_single_size,100,true,KIMCHI-4923,https://kimchi.pl/product-pol-4923.html,https://asiandeligo.eshoper.pro/products/wafelki-z-nadzieniem-cream-collon-assari-milk-81g-glico
85,snacks_sweets,5,ADG-000262,c5c604f4-1b67-4d77-bbb0-e409e4f5cd0b,Paluszki Pepero Migdały i Czekolada 32g - Lotte,słodycze-przekąski,2,nutrition|storageZone,true,32g,clear_single_size,100,true,KIMCHI-1090,https://kimchi.pl/product-pol-1090.html,https://asiandeligo.eshoper.pro/products/paluszki-pepero-migdaly-i-czekolada-32g-lotte
86,snacks_sweets,6,ADG-000263,db81d177-7b67-4f34-8812-8154c98d8024,Paluszki Pepero Czekoladowe Original 47g - Lotte,słodycze-przekąski,2,nutrition|storageZone,true,47g,clear_single_size,100,true,KIMCHI-1091,https://kimchi.pl/product-pol-1091.html,https://asiandeligo.eshoper.pro/products/paluszki-pepero-czekoladowe-original-47g-lotte
87,snacks_sweets,7,ADG-000286,7a524bd1-a6a9-4548-b7cb-cc2cf63abcc7,Jelly Belly Bean Boozled Spinner - Fasolki wszystkich smaków 100g,słodycze-przekąski,2,allergenDeclaration|storageZone,true,100g,clear_single_size,100,true,KIMCHI-1176,https://kimchi.pl/product-pol-1176.html,https://asiandeligo.eshoper.pro/products/jelly-belly-bean-boozled-spinner-fasolki-wszystkich-smakow-100g
88,snacks_sweets,8,ADG-000298,ac0c46ca-6c6a-4245-a1cd-1ac9ce56e8cb,Paluszki Pocky Cookies & Cream 40g - Glico,słodycze-przekąski,2,countryOfOrigin|storageZone,true,40g,clear_single_size,100,true,KIMCHI-1196,https://kimchi.pl/product-pol-1196.html,https://asiandeligo.eshoper.pro/products/paluszki-pocky-cookies-and-cream-40g-glico
89,snacks_sweets,9,ADG-000347,c280f8ce-0568-4432-8be6-3a9a4050b579,"Choco Pie, ciastka biszkoptowe z pianką, pudełko (12 szt. x 28g) - Lotte",słodycze-przekąski,2,countryOfOrigin|storageZone,true,28g,clear_single_size,100,true,KIMCHI-1439,https://kimchi.pl/product-pol-1439.html,https://asiandeligo.eshoper.pro/products/choco-pie-ciastka-biszkoptowe-z-pianka-pudelko-12-szt-x-28g-lotte
90,snacks_sweets,10,ADG-000396,7be9060a-4b47-4c70-824f-8fc1bfa0c8c8,"Chipsy z wodorostów, chrupiące nori 32g - Tao Kae Noi",słodycze-przekąski,2,allergenDeclaration|storageZone,true,32g,clear_single_size,100,true,KIMCHI-2131,https://kimchi.pl/product-pol-2131.html,https://asiandeligo.eshoper.pro/products/chipsy-z-wodorostow-chrupiace-nori-32g-tao-kae-noi
91,snacks_sweets,11,ADG-000575,22771774-0901-4e2c-919c-1c7c9b8a028e,Chipsy ziemniaczane Potechi Wasabi Nori 100g - Koikeya,słodycze-przekąski,2,allergenDeclaration|countryOfOrigin,true,100g,clear_single_size,100,true,KIMCHI-2839,https://kimchi.pl/product-pol-2839.html,https://asiandeligo.eshoper.pro/products/chipsy-ziemniaczane-potechi-wasabi-nori-100g-koikeya
92,snacks_sweets,12,ADG-000965,e7a4cba6-7bec-4822-b7d7-5a326c29c996,"Hokkaido Yude Azuki, gotowana słodka czerwona fasola cała 200g - Imuraya",słodycze-przekąski,2,allergenDeclaration|storageZone,true,200g,clear_single_size,100,true,KIMCHI-4316,https://kimchi.pl/product-pol-4316.html,https://asiandeligo.eshoper.pro/products/hokkaido-yude-azuki-gotowana-slodka-czerwona-fasola-cala-200g-imuraya
93,snacks_sweets,13,ADG-000066,399a4a67-8e13-4881-bd9a-9a0542373382,Chipsy krewetkowe 75g - Nongshim,słodycze-przekąski,1,storageZone,true,75g,clear_single_size,100,true,KIMCHI-238,https://kimchi.pl/product-pol-238.html,https://asiandeligo.eshoper.pro/products/chipsy-krewetkowe-75g-nongshim
94,snacks_sweets,14,ADG-000120,597531c0-d89f-446a-9733-e47f8e158ed9,"Chipsy krewetkowe, pikantne 75g - Nongshim",słodycze-przekąski,1,storageZone,true,75g,clear_single_size,100,true,KIMCHI-443,https://kimchi.pl/product-pol-443.html,https://asiandeligo.eshoper.pro/products/chipsy-krewetkowe-pikantne-75g-nongshim
95,snacks_sweets,15,ADG-000129,b1544e1f-66f9-4e0b-b008-aba949393e38,Chipsy z jackfruita (dżakfruta) 250g - Vinamit,słodycze-przekąski,1,allergenDeclaration,true,250g,clear_single_size,100,true,KIMCHI-494,https://kimchi.pl/product-pol-494.html,https://asiandeligo.eshoper.pro/products/chipsy-z-jackfruita-dzakfruta-250g-vinamit
96,snacks_sweets,16,ADG-000172,5883b68f-89fd-41c0-8cdf-aa61e1e55e6c,"Mochi, ryżowe ciasteczka z pastą z fasolki azuki 210g -  Yuki & Love",słodycze-przekąski,1,storageZone,true,210g,clear_single_size,100,true,KIMCHI-737,https://kimchi.pl/product-pol-737.html,https://asiandeligo.eshoper.pro/products/mochi-ryzowe-ciasteczka-z-pasta-z-fasolki-azuki-210g-yuki-and-love
97,snacks_sweets,17,ADG-000220,6e0a3a88-5894-4b95-9697-4dac506aa0e2,Paluszki Pocky Czekoladowe Original 47g - Glico,słodycze-przekąski,1,countryOfOrigin,true,47g,clear_single_size,100,true,KIMCHI-902,https://kimchi.pl/product-pol-902.html,https://asiandeligo.eshoper.pro/products/paluszki-pocky-czekoladowe-original-47g-glico
98,snacks_sweets,18,ADG-000221,1f77cc6c-5b37-4b7a-a1cf-06041aa94e84,"Pocky Double Choco, kakaowe paluszki z kremem czekoladowym 39g - Glico",słodycze-przekąski,1,countryOfOrigin,true,39g,clear_single_size,100,true,KIMCHI-903,https://kimchi.pl/product-pol-903.html,https://asiandeligo.eshoper.pro/products/pocky-double-choco-kakaowe-paluszki-z-kremem-czekoladowym-39g-glico
99,snacks_sweets,19,ADG-000222,7b732093-0dd2-43be-befa-f9b800e762c3,Paluszki Pocky Truskawkowe 45g - Glico,słodycze-przekąski,1,storageZone,true,45g,clear_single_size,100,true,KIMCHI-904,https://kimchi.pl/product-pol-904.html,https://asiandeligo.eshoper.pro/products/paluszki-pocky-truskawkowe-45g-glico
100,snacks_sweets,20,ADG-000227,f61ce151-3690-45aa-827d-98871394699b,Orzeszki ziemne w skorupce kokosowej 185g - Khao Shong,słodycze-przekąski,1,storageZone,true,185g,clear_single_size,100,true,KIMCHI-936,https://kimchi.pl/product-pol-936.html,https://asiandeligo.eshoper.pro/products/orzeszki-ziemne-w-skorupce-kokosowej-185g-khao-shong
101,snacks_sweets,21,ADG-000231,12c16d29-8d9d-44e7-9e86-bc91390a0278,"Mochi, ryżowe ciasteczka z sezamem 210g - Yuki & Love",słodycze-przekąski,1,storageZone,true,210g,clear_single_size,100,true,KIMCHI-980,https://kimchi.pl/product-pol-980.html,https://asiandeligo.eshoper.pro/products/mochi-ryzowe-ciasteczka-z-sezamem-210g-yuki-and-love
102,snacks_sweets,22,ADG-000249,7cf4c7a7-8c48-4c13-b869-a3a8a6a9b839,"Mochi, ryżowe ciasteczka z orzeszkami ziemnymi 210g - Yuki & Love",słodycze-przekąski,1,storageZone,true,210g,clear_single_size,100,true,KIMCHI-1044,https://kimchi.pl/product-pol-1044.html,https://asiandeligo.eshoper.pro/products/mochi-ryzowe-ciasteczka-z-orzeszkami-ziemnymi-210g-yuki-and-love
103,snacks_sweets,23,ADG-000264,f5b11b63-34b4-40b9-8c9b-1c258d152af7,Paluszki Pepero Nude - wypełnione czekoladą 45g - Lotte,słodycze-przekąski,1,storageZone,true,45g,clear_single_size,100,true,KIMCHI-1092,https://kimchi.pl/product-pol-1092.html,https://asiandeligo.eshoper.pro/products/paluszki-pepero-nude-wypelnione-czekolada-45g-lotte
104,snacks_sweets,24,ADG-000273,c999f07b-6507-4db4-a881-7feb58406725,Prażony bób z solą 170g - Six Fortune,słodycze-japońskie,1,allergenDeclaration,true,170g,clear_single_size,100,true,KIMCHI-1138,https://kimchi.pl/product-pol-1138.html,https://asiandeligo.eshoper.pro/products/prazony-bob-z-sola-170g-six-fortune
105,snacks_sweets,25,ADG-000304,e5552ca7-094e-4fea-b639-3c2aa91e3e40,Jelly Belly Harry Potter - Fasolki wszystkich smaków Bertiego Botta 35g,słodycze-japońskie,1,allergenDeclaration,true,35g,clear_single_size,100,true,KIMCHI-1233,https://kimchi.pl/product-pol-1233.html,https://asiandeligo.eshoper.pro/products/jelly-belly-harry-potter-fasolki-wszystkich-smakow-bertiego-botta-35g
106,snacks_sweets,26,ADG-000316,6c6d8f96-48f2-4ec1-85c6-207b90a7895f,"Krakersy ryżowe Arare, snack miks Yamato 300g - Golden Turtle Brand",słodycze-przekąski,1,countryOfOrigin,true,300g,clear_single_size,100,true,KIMCHI-1317,https://kimchi.pl/product-pol-1317.html,https://asiandeligo.eshoper.pro/products/krakersy-ryzowe-arare-snack-miks-yamato-300g-golden-turtle-brand
107,snacks_sweets,27,ADG-000325,0d532683-6c4d-4752-986c-eade6228578d,Miękkie cukierki Malang Cow o smaku skondensowanego mleka 79g - LOTTE,słodycze-przekąski,1,storageZone,true,79g,clear_single_size,100,true,KIMCHI-1361,https://kimchi.pl/product-pol-1361.html,https://asiandeligo.eshoper.pro/products/miekkie-cukierki-malang-cow-o-smaku-skondensowanego-mleka-79g-lotte
108,snacks_sweets,28,ADG-000331,29fbe7fc-01ca-47c4-9332-0b45b79e6365,Prażony zielony groszek z wasabi 140g - Khao Shong,słodycze-przekąski,1,storageZone,true,140g,clear_single_size,100,true,KIMCHI-1385,https://kimchi.pl/product-pol-1385.html,https://asiandeligo.eshoper.pro/products/prazony-zielony-groszek-z-wasabi-140g-khao-shong
109,snacks_sweets,29,ADG-000341,8d103eb5-f028-4edc-8be6-48ff6f09a85a,"Chipsy Hi Tempura, algi nori w tempurze 40g - Tao Kae Noi",słodycze-przekąski,1,storageZone,true,40g,clear_single_size,100,true,KIMCHI-1416,https://kimchi.pl/product-pol-1416.html,https://asiandeligo.eshoper.pro/products/chipsy-hi-tempura-algi-nori-w-tempurze-40g-tao-kae-noi
110,snacks_sweets,30,ADG-000351,698de9aa-3de7-4660-b3a5-53a49eafb878,"Chipsy Hi Tempura, algi nori w tempurze, pikantne 40g - Tao Kae Noi",słodycze-przekąski,1,storageZone,true,40g,clear_single_size,100,true,KIMCHI-1448,https://kimchi.pl/product-pol-1448.html,https://asiandeligo.eshoper.pro/products/chipsy-hi-tempura-algi-nori-w-tempurze-pikantne-40g-tao-kae-noi
111,drinks_tea_coffee,1,ADG-000292,a0e21e82-3ff3-4e33-9137-be7044da25bd,Kawa ziarnista Espresso Innovator 500g - Trung Nguyen,kawy,3,allergenDeclaration|nutrition|storageZone,true,500g,clear_single_size,100,true,KIMCHI-1185,https://kimchi.pl/product-pol-1185.html,https://asiandeligo.eshoper.pro/products/kawa-ziarnista-espresso-innovator-500g-trung-nguyen
112,drinks_tea_coffee,2,ADG-000293,88e78891-10fd-4574-8075-8e83bdf2a0d9,Kawa mielona Trung Nguyen Creative 3 - 250g,kawy,3,allergenDeclaration|nutrition|storageZone,true,250g,clear_single_size,100,true,KIMCHI-1186,https://kimchi.pl/product-pol-1186.html,https://asiandeligo.eshoper.pro/products/kawa-mielona-trung-nguyen-creative-3-250g
113,drinks_tea_coffee,3,ADG-001263,ae6b7f2c-5168-40ce-b558-33e06c9207cd,Kawa BOSS Manzoku Milk Banana mleczna bananowa 185ml - Suntory,kawy,3,allergenDeclaration|nutrition|storageZone,true,185ml,clear_single_size,100,true,KIMCHI-5031,https://kimchi.pl/product-pol-5031.html,https://asiandeligo.eshoper.pro/products/kawa-boss-manzoku-milk-banana-mleczna-bananowa-185ml-suntory
114,drinks_tea_coffee,4,ADG-001265,f7b85cd1-fb43-4a48-b996-ebaababf3d9d,Napój Dekavita C z witaminami 210ml - Suntory,napoje,3,allergenDeclaration|nutrition|storageZone,true,210ml,clear_single_size,100,true,KIMCHI-5033,https://kimchi.pl/product-pol-5033.html,https://asiandeligo.eshoper.pro/products/napoj-dekavita-c-z-witaminami-210ml-suntory
115,drinks_tea_coffee,5,ADG-001287,70542e5c-d368-42f6-a2ca-6ccaa05d29eb,Herbata liściasta zielona Green Tea 100g - Tian Hu Shan,herbaty,3,allergenDeclaration|nutrition|storageZone,true,100g,clear_single_size,100,true,KIMCHI-5063,https://kimchi.pl/product-pol-5063.html,https://asiandeligo.eshoper.pro/products/herbata-lisciasta-zielona-green-tea-100g-tian-hu-shan
116,drinks_tea_coffee,6,ADG-001650,5d5b00db-b184-4c94-ba17-51dc7198da99,Japońska czarna herbata Sakura z kwiatem wiśni 15 saszetek (24g) - Lipton,herbaty,3,allergenDeclaration|nutrition|storageZone,true,24g,clear_single_size,100,true,KIMCHI-5559,https://kimchi.pl/product-pol-5559.html,https://asiandeligo.eshoper.pro/products/japonska-czarna-herbata-sakura-z-kwiatem-wisni-15-saszetek-24g-lipton
117,drinks_tea_coffee,7,ADG-000457,083c9a53-8b51-4251-89ad-74e8eb03dfc6,"Hyunmi Nokcha - zielona herbata z brązowym ryżem, 50 saszetek - Ottogi",herbaty,3,allergenDeclaration|unitPrice|storageZone,false,,no_weight_or_volume,100,true,KIMCHI-2333,https://kimchi.pl/product-pol-2333.html,https://asiandeligo.eshoper.pro/products/hyunmi-nokcha-zielona-herbata-z-brazowym-ryzem-50-saszetek-ottogi
118,drinks_tea_coffee,8,ADG-000131,0ecf0e62-e70d-4577-bf1c-1c661b0ad84f,Kawa mielona Trung Nguyen Sang Tao 4 - 340g,kawy,2,allergenDeclaration|nutrition,true,340g,clear_single_size,100,true,KIMCHI-506,https://kimchi.pl/product-pol-506.html,https://asiandeligo.eshoper.pro/products/kawa-mielona-trung-nguyen-sang-tao-4-340g
119,drinks_tea_coffee,9,ADG-000189,e4388d20-b1e2-4a24-93b2-9c94a08e1466,Herbata aloesowa 400g - All Groo,herbaty,2,allergenDeclaration|storageZone,true,400g,clear_single_size,100,true,KIMCHI-789,https://kimchi.pl/product-pol-789.html,https://asiandeligo.eshoper.pro/products/herbata-aloesowa-400g-all-groo
120,drinks_tea_coffee,10,ADG-000239,33327f05-35d1-46b6-b6bc-9052abb1e262,Herbata z yuzu 400g - All Gr∞,herbaty,2,allergenDeclaration|storageZone,true,400g,clear_single_size,100,true,KIMCHI-1004,https://kimchi.pl/product-pol-1004.html,https://asiandeligo.eshoper.pro/products/herbata-z-yuzu-400g-all-gr
121,drinks_tea_coffee,11,ADG-000291,9fa3d804-898f-4978-a701-65979757be74,Kawa ziarnista Trung Nguyen Espresso Specialist - 500g,kawy,2,allergenDeclaration|nutrition,true,500g,clear_single_size,100,true,KIMCHI-1184,https://kimchi.pl/product-pol-1184.html,https://asiandeligo.eshoper.pro/products/kawa-ziarnista-trung-nguyen-espresso-specialist-500g
122,drinks_tea_coffee,12,ADG-000294,5a600637-a84e-468e-9840-4b95d7e361c9,"Kawa wietnamska mielona Creative 4 (Arabica, Robusta) 250g - Trung Nguyen",kawy,2,allergenDeclaration|nutrition,true,250g,clear_single_size,100,true,KIMCHI-1187,https://kimchi.pl/product-pol-1187.html,https://asiandeligo.eshoper.pro/products/kawa-wietnamska-mielona-creative-4-arabica-robusta-250g-trung-nguyen
123,drinks_tea_coffee,13,ADG-000296,e573232d-0717-4283-ac1b-d5850341a0fe,Kawa mielona Trung Nguyen Creative 5 - 250g,kawy,2,allergenDeclaration|nutrition,true,250g,clear_single_size,100,true,KIMCHI-1189,https://kimchi.pl/product-pol-1189.html,https://asiandeligo.eshoper.pro/products/kawa-mielona-trung-nguyen-creative-5-250g
124,drinks_tea_coffee,14,ADG-000470,4c541209-2358-4912-a553-748e36567e16,Kawa mielona Trung Nguyen Sang Tao 5 - 340g,kawy,2,allergenDeclaration|nutrition,true,340g,clear_single_size,100,true,KIMCHI-2390,https://kimchi.pl/product-pol-2390.html,https://asiandeligo.eshoper.pro/products/kawa-mielona-trung-nguyen-sang-tao-5-340g
125,drinks_tea_coffee,15,ADG-000482,54cbf2d5-9747-4b42-b423-244bd30ccab9,"Old Jamaica Ginger Beer Original, imbirowe piwo korzenne (0%) 2L",napoje,2,allergenDeclaration|countryOfOrigin,true,2000ml,clear_single_size,100,true,KIMCHI-2465,https://kimchi.pl/product-pol-2465.html,https://asiandeligo.eshoper.pro/products/old-jamaica-ginger-beer-original-imbirowe-piwo-korzenne-0-2l
126,drinks_tea_coffee,16,ADG-000485,d8daa744-822d-4b90-872d-a5ca92f5b9f4,Kawa mielona Trung Nguyen Che Phin 4 - 500g,kawy,2,allergenDeclaration|nutrition,true,500g,clear_single_size,100,true,KIMCHI-2480,https://kimchi.pl/product-pol-2480.html,https://asiandeligo.eshoper.pro/products/kawa-mielona-trung-nguyen-che-phin-4-500g
127,drinks_tea_coffee,17,ADG-000556,96fa6853-7b5d-402e-afec-9412e30310fd,"Matcha, sproszkowana zielona herbata w puszce 80g x 2 - Tian Hu Shan",herbaty,2,nutrition|storageZone,true,80g,clear_single_size,100,true,KIMCHI-2723,https://kimchi.pl/product-pol-2723.html,https://asiandeligo.eshoper.pro/products/matcha-sproszkowana-zielona-herbata-w-puszce-80g-x-2-tian-hu-shan
128,drinks_tea_coffee,18,ADG-000658,39cc5545-dbd4-4e38-b697-b19d873784cf,Kawa mielona Trung Nguyen Sang Tao 3 - 340g,kawy,2,allergenDeclaration|nutrition,true,340g,clear_single_size,100,true,KIMCHI-3149,https://kimchi.pl/product-pol-3149.html,https://asiandeligo.eshoper.pro/products/kawa-mielona-trung-nguyen-sang-tao-3-340g
129,drinks_tea_coffee,19,ADG-000759,58149eff-b8aa-4e1e-aeaa-bb2c563df3fd,"Matcha Uji-cha, sproszkowana zielona herbata 50g - Maruka",herbaty,2,allergenDeclaration|nutrition,true,50g,clear_single_size,100,true,KIMCHI-3692,https://kimchi.pl/product-pol-3692.html,https://asiandeligo.eshoper.pro/products/matcha-uji-cha-sproszkowana-zielona-herbata-50g-maruka
130,drinks_tea_coffee,20,ADG-000804,496982df-0fc6-47e1-b236-5d77523372dd,"Matcha Iri Genmaicha, zielona herbata z prażonym ryżem i matchą 70g - Maruka",herbaty,2,allergenDeclaration|nutrition,true,70g,clear_single_size,100,true,KIMCHI-3794,https://kimchi.pl/product-pol-3794.html,https://asiandeligo.eshoper.pro/products/matcha-iri-genmaicha-zielona-herbata-z-prazonym-ryzem-i-matcha-70g-maruka
131,drinks_tea_coffee,21,ADG-000805,762e8c58-8152-4369-aeb0-f3bf39f653b2,"Bancha, zielona herbata z późnego zbioru 60g - Maruka",herbaty,2,allergenDeclaration|nutrition,true,60g,clear_single_size,100,true,KIMCHI-3795,https://kimchi.pl/product-pol-3795.html,https://asiandeligo.eshoper.pro/products/bancha-zielona-herbata-z-poznego-zbioru-60g-maruka
132,drinks_tea_coffee,22,ADG-000806,c7abe525-3e07-46f7-ab8b-94a7159e4dd7,"Shizuoka Sencha, zielona herbata 50g - Maruka",herbaty,2,allergenDeclaration|nutrition,true,50g,clear_single_size,100,true,KIMCHI-3796,https://kimchi.pl/product-pol-3796.html,https://asiandeligo.eshoper.pro/products/shizuoka-sencha-zielona-herbata-50g-maruka
133,drinks_tea_coffee,23,ADG-000807,f2898ff9-566c-4ead-a25b-6453d79f2419,"Hojicha, prażona zielona herbata 50g - Maruka",herbaty,2,allergenDeclaration|nutrition,true,50g,clear_single_size,100,true,KIMCHI-3797,https://kimchi.pl/product-pol-3797.html,https://asiandeligo.eshoper.pro/products/hojicha-prazona-zielona-herbata-50g-maruka
134,drinks_tea_coffee,24,ADG-000854,f56f94b1-eae2-4d98-a2ba-af814ce98dc1,Herbata z żeń-szenia instant (10 x 2g) 20g - Meridian,herbaty,2,allergenDeclaration|nutrition,true,20g,clear_multipack,100,true,KIMCHI-3935,https://kimchi.pl/product-pol-3935.html,https://asiandeligo.eshoper.pro/products/herbata-z-zen-szenia-instant-10-x-2g-20g-meridian
135,drinks_tea_coffee,25,ADG-000859,e7e3bf86-4cda-483e-9d85-177427a39ed0,Sok z limonki 250ml - Golden Turtle,napoje,2,allergenDeclaration|nutrition,true,250ml,clear_single_size,100,true,KIMCHI-3950,https://kimchi.pl/product-pol-3950.html,https://asiandeligo.eshoper.pro/products/sok-z-limonki-250ml-golden-turtle
136,ready_meals,1,ADG-000526,1822ef89-da85-4fa5-bc38-5242c10d3a37,Mielonka wieprzowa Luncheon Meat 340g - Chung Jung One,dania-gotowe,2,countryOfOrigin|storageZone,true,340g,clear_single_size,100,true,KIMCHI-2625,https://kimchi.pl/product-pol-2625.html,https://asiandeligo.eshoper.pro/products/mielonka-wieprzowa-luncheon-meat-340g-chung-jung-one
137,ready_meals,2,ADG-000655,4da56e11-a287-4c6b-83ea-2a7fb945c29b,"Garlic Tteokbokki, kluski ryżowe w sosie czosnkowo-paprykowym 260g - O'Food",dania-gotowe,2,allergenDeclaration|storageZone,true,260g,clear_single_size,100,true,KIMCHI-3134,https://kimchi.pl/product-pol-3134.html,https://asiandeligo.eshoper.pro/products/garlic-tteokbokki-kluski-ryzowe-w-sosie-czosnkowo-paprykowym-260g-o-food
138,ready_meals,3,ADG-000656,a4e3169b-f42b-4b33-ab7e-c0a3cbc43494,"Original Tteokbokki, kluski ryżowe w sosie gochujang 260g - O'Food",dania-gotowe,2,allergenDeclaration|storageZone,true,260g,clear_single_size,100,true,KIMCHI-3135,https://kimchi.pl/product-pol-3135.html,https://asiandeligo.eshoper.pro/products/original-tteokbokki-kluski-ryzowe-w-sosie-gochujang-260g-o-food
139,ready_meals,4,ADG-000389,62e9c9c0-63ba-427f-91b1-b3eb4c6a004a,Mięso z kraba w puszce 170g - Ambition,dania-gotowe,1,nutrition,true,170g,clear_single_size,100,true,KIMCHI-1916,https://kimchi.pl/product-pol-1916.html,https://asiandeligo.eshoper.pro/products/mieso-z-kraba-w-puszce-170g-ambition
140,ready_meals,5,ADG-000876,c247e939-2734-416a-8785-e92228c5461e,"Pocket Onigiri Kombu, kulka ryżowa instant z duszonymi algami 42g - Onisi",dania-gotowe,1,allergenDeclaration,true,42g,clear_single_size,100,true,KIMCHI-4013,https://kimchi.pl/product-pol-4013.html,https://asiandeligo.eshoper.pro/products/pocket-onigiri-kombu-kulka-ryzowa-instant-z-duszonymi-algami-42g-onisi
141,ready_meals,6,ADG-000901,d2274c7c-6ad5-484f-8256-b66c5d771c66,"Danie instant Tteokbokki, kluski ryżowe w pikantnym sosie 160g - Sempio",dania-gotowe,1,storageZone,true,160g,clear_single_size,100,true,KIMCHI-4098,https://kimchi.pl/product-pol-4098.html,https://asiandeligo.eshoper.pro/products/danie-instant-tteokbokki-kluski-ryzowe-w-pikantnym-sosie-160g-sempio
142,ready_meals,7,ADG-000902,73f84fcb-c4f7-488c-b7dc-db881e153c46,"Danie instant Tteokbokki, kluski ryżowe w słodko-pikantnym sosie 160g - Sempio",dania-gotowe,1,storageZone,true,160g,clear_single_size,100,true,KIMCHI-4099,https://kimchi.pl/product-pol-4099.html,https://asiandeligo.eshoper.pro/products/danie-instant-tteokbokki-kluski-ryzowe-w-slodko-pikantnym-sosie-160g-sempio
143,ready_meals,8,ADG-000914,6983b76e-062e-4a24-a21b-1da567123dd9,Wołowina konserwowa Corned Beef 340g - Hereford,dania-gotowe,1,allergenDeclaration,true,340g,clear_single_size,100,true,KIMCHI-4142,https://kimchi.pl/product-pol-4142.html,https://asiandeligo.eshoper.pro/products/wolowina-konserwowa-corned-beef-340g-hereford
144,ready_meals,9,ADG-000943,93f1960c-343c-42b3-9968-6f4a090a3782,Makaron stir-fry instant o smaku solonego jajka 85g - MAMA Oriental Kitchen,dania-gotowe,1,storageZone,true,85g,clear_single_size,100,true,KIMCHI-4258,https://kimchi.pl/product-pol-4258.html,https://asiandeligo.eshoper.pro/products/makaron-stir-fry-instant-o-smaku-solonego-jajka-85g-mama-oriental-kitchen
145,ready_meals,10,ADG-001068,8f609ee0-5dc2-437f-bee9-d5f9f80ad85e,"BBQ Tteokbokki, kluski ryżowe w sosie barbecue 260g - O'Food",dania-gotowe,1,storageZone,true,260g,clear_single_size,100,true,KIMCHI-4595,https://kimchi.pl/product-pol-4595.html,https://asiandeligo.eshoper.pro/products/bbq-tteokbokki-kluski-ryzowe-w-sosie-barbecue-260g-o-food
146,ready_meals,11,ADG-001120,f6bdd14a-4db0-440d-ab1f-7455ff157663,Danie makaron carbonara o smaku bekonu 85g - MAMA Oriental Kitchen,dania-gotowe,1,storageZone,true,85g,clear_single_size,100,true,KIMCHI-4715,https://kimchi.pl/product-pol-4715.html,https://asiandeligo.eshoper.pro/products/danie-makaron-carbonara-o-smaku-bekonu-85g-mama-oriental-kitchen
147,ready_meals,12,ADG-001121,45dc6a6c-fa19-4e20-a27f-6ec5f1081b36,Zupa makaron Mala o smaku wołowiny 85g - MAMA Oriental Kitchen,dania-gotowe,1,storageZone,true,85g,clear_single_size,100,true,KIMCHI-4716,https://kimchi.pl/product-pol-4716.html,https://asiandeligo.eshoper.pro/products/zupa-makaron-mala-o-smaku-wolowiny-85g-mama-oriental-kitchen
148,ready_meals,13,ADG-001129,1ac6ad82-2f23-452c-abca-90e5a170a74b,Danie makaron udon Sesame Teriyaki Bowl 240g - Obento,dania-gotowe,1,storageZone,true,240g,clear_single_size,100,true,KIMCHI-4737,https://kimchi.pl/product-pol-4737.html,https://asiandeligo.eshoper.pro/products/danie-makaron-udon-sesame-teriyaki-bowl-240g-obento
149,ready_meals,14,ADG-001130,2baa3d40-f01d-4040-bb16-db824f0525da,Danie makaron udon Spicy Kung Pao Bowl 240g - Obento,dania-gotowe,1,storageZone,true,240g,clear_single_size,100,true,KIMCHI-4738,https://kimchi.pl/product-pol-4738.html,https://asiandeligo.eshoper.pro/products/danie-makaron-udon-spicy-kung-pao-bowl-240g-obento
150,ready_meals,15,ADG-001205,4722669d-4afa-4c08-b99e-0b6c92e82c38,Danie makaron Tom Yum z krewetkami 85g - MAMA Oriental Kitchen,dania-gotowe,1,storageZone,true,85g,clear_single_size,100,true,KIMCHI-4903,https://kimchi.pl/product-pol-4903.html,https://asiandeligo.eshoper.pro/products/danie-makaron-tom-yum-z-krewetkami-85g-mama-oriental-kitchen
151,ready_meals,16,ADG-001234,ea8226b6-ba92-47ff-8c9c-9ad1c57c2c9d,"Sweet Chili Tteokbokki, kluski ryżowe w sosie słodkie chili 290g - O'Food",dania-gotowe,1,storageZone,true,290g,clear_single_size,100,true,KIMCHI-4958,https://kimchi.pl/product-pol-4958.html,https://asiandeligo.eshoper.pro/products/sweet-chili-tteokbokki-kluski-ryzowe-w-sosie-slodkie-chili-290g-o-food
152,ready_meals,17,ADG-001387,5e6fd008-e5cf-47c3-ba30-f14c0d550d06,Danie instant z ziemniaczanym makaronem Japchae Cup 82g - Sempio,dania-gotowe,1,storageZone,true,82g,clear_single_size,100,true,KIMCHI-5223,https://kimchi.pl/product-pol-5223.html,https://asiandeligo.eshoper.pro/products/danie-instant-z-ziemniaczanym-makaronem-japchae-cup-82g-sempio
153,ready_meals,18,ADG-001460,4e91bc39-8db9-447c-a74e-f5cb3ee897f8,"Zupa Samgyetang z całym kurczakiem, ryżem, warzywami i jujube 800g Harim",dania-gotowe,1,allergenDeclaration,true,800g,clear_single_size,100,true,KIMCHI-5330,https://kimchi.pl/product-pol-5330.html,https://asiandeligo.eshoper.pro/products/zupa-samgyetang-z-calym-kurczakiem-ryzem-warzywami-i-jujube-800g-harim
154,ready_meals,19,ADG-001492,8fd6cf9b-278d-4bc5-95c9-19f0c5cfe585,Danie makaron świeży udon Korean Style Tteokbokki Chilli 187g - Bibigo,dania-gotowe,1,storageZone,true,187g,clear_single_size,100,true,KIMCHI-5370,https://kimchi.pl/product-pol-5370.html,https://asiandeligo.eshoper.pro/products/danie-makaron-swiezy-udon-korean-style-tteokbokki-chilli-187g-bibigo
155,ready_meals,20,ADG-001493,7afe3a35-bbd7-43e5-afd8-46600f967fa2,Danie makaron świeży udon Korean Style BBQ 187g - Bibigo,dania-gotowe,1,storageZone,true,187g,clear_single_size,100,true,KIMCHI-5371,https://kimchi.pl/product-pol-5371.html,https://asiandeligo.eshoper.pro/products/danie-makaron-swiezy-udon-korean-style-bbq-187g-bibigo
156,kimchi_pickles,1,ADG-000606,b4ca9175-f165-4684-9e64-d00055af4510,Koszyk Wioli - Znawca,kimchi,6,ingredients|allergenDeclaration|nutrition|countryOfOrigin|unitPrice|storageZone,false,,no_weight_or_volume,100,true,KIMCHI-2925,https://kimchi.pl/product-pol-2925.html,https://asiandeligo.eshoper.pro/products/koszyk-wioli-znawca
157,kimchi_pickles,2,ADG-000074,e8783e91-cbb5-4323-b97c-84da8761a8c8,"Mango, plastry w syropie lekko słodzonym 425g Diamond",owoce-marynowane-warzywa,2,allergenDeclaration|storageZone,true,425g,clear_single_size,100,true,KIMCHI-270,https://kimchi.pl/product-pol-270.html,https://asiandeligo.eshoper.pro/products/mango-plastry-w-syropie-lekko-slodzonym-425g-diamond
158,kimchi_pickles,3,ADG-000182,07904823-7178-459f-bd42-dd99432f1a3c,"Mango, przecier bez cukru 500g Philippine Brand",owoce-marynowane-warzywa,2,allergenDeclaration|storageZone,true,500g,clear_single_size,100,true,KIMCHI-761,https://kimchi.pl/product-pol-761.html,https://asiandeligo.eshoper.pro/products/mango-przecier-bez-cukru-500g-philippine-brand
159,kimchi_pickles,4,ADG-000217,2cb07157-8f9c-4a74-b02f-4892d9e7722e,"Rzodkiew Oshinko (Takuan) marynowana, pocięta 350g - Asia Kitchen",owoce-marynowane-warzywa,2,allergenDeclaration|storageZone,true,350g,clear_single_size,100,true,KIMCHI-882,https://kimchi.pl/product-pol-882.html,https://asiandeligo.eshoper.pro/products/rzodkiew-oshinko-takuan-marynowana-pocieta-350g-asia-kitchen
160,kimchi_pickles,5,ADG-000605,a7334e6c-7afd-4169-a5a7-7093ccd55d85,"Napa kimchi, koreańska kiszona kapustka 80g - Jongga",owoce-marynowane-warzywa,2,allergenDeclaration|storageZone,true,80g,clear_single_size,100,true,KIMCHI-2919,https://kimchi.pl/product-pol-2919.html,https://asiandeligo.eshoper.pro/products/napa-kimchi-koreanska-kiszona-kapustka-80g-jongga
161,kimchi_pickles,6,ADG-000793,1d17d3b0-e34a-41b5-ba6f-4ff2d1a2d092,"Fasola edamame, ziarna soi w zalewie 400g - ITA-SAN",owoce-marynowane-warzywa,2,allergenDeclaration|storageZone,true,400g,clear_single_size,100,true,KIMCHI-3762,https://kimchi.pl/product-pol-3762.html,https://asiandeligo.eshoper.pro/products/fasola-edamame-ziarna-soi-w-zalewie-400g-ita-san
162,kimchi_pickles,7,ADG-000998,a34fd756-f108-4564-80bd-3bcac658d6ff,Pędy bambusa nitki 227g - Royal Orient,owoce-marynowane-warzywa,2,allergenDeclaration|storageZone,true,227g,clear_single_size,100,true,KIMCHI-4405,https://kimchi.pl/product-pol-4405.html,https://asiandeligo.eshoper.pro/products/pedy-bambusa-nitki-227g-royal-orient
163,kimchi_pickles,8,ADG-001105,f4403c8f-faf9-4160-bedb-49275227f93c,"Shiso-dzuke umeboshi, śliwki marynowane z shiso (12% soli) 100g - King of Plum",owoce-marynowane-warzywa,2,allergenDeclaration|countryOfOrigin,true,100g,clear_single_size,100,true,KIMCHI-4684,https://kimchi.pl/product-pol-4684.html,https://asiandeligo.eshoper.pro/products/shiso-dzuke-umeboshi-sliwki-marynowane-z-shiso-12-soli-100g-king-of-plum
164,kimchi_pickles,9,ADG-001166,ade5c8b4-ecfd-4795-a2e1-1872e37d4ce3,"Rzodkiew Oshinko (Takuan) marynowana, pocięta 400g - Sakura",owoce-marynowane-warzywa,2,allergenDeclaration|storageZone,true,400g,clear_single_size,100,true,KIMCHI-4796,https://kimchi.pl/product-pol-4796.html,https://asiandeligo.eshoper.pro/products/rzodkiew-oshinko-takuan-marynowana-pocieta-400g-sakura
165,kimchi_pickles,10,ADG-001215,8c6ed656-4076-405a-8746-48efe41b7fd4,Pędy bambusa plastry 227g - Royal Orient,owoce-marynowane-warzywa,2,allergenDeclaration|storageZone,true,227g,clear_single_size,100,true,KIMCHI-4921,https://kimchi.pl/product-pol-4921.html,https://asiandeligo.eshoper.pro/products/pedy-bambusa-plastry-227g-royal-orient
166,kimchi_pickles,11,ADG-001571,ef58d297-33b1-40a0-9df8-f77ebb50e73c,"Fasola edamame, ziarna soi w zalewie 400g - House of Asia",owoce-marynowane-warzywa,2,allergenDeclaration|storageZone,true,400g,clear_single_size,100,true,KIMCHI-5472,https://kimchi.pl/product-pol-5472.html,https://asiandeligo.eshoper.pro/products/fasola-edamame-ziarna-soi-w-zalewie-400g-house-of-asia
167,kimchi_pickles,12,ADG-000020,f893ac83-94ec-450c-bc1a-d13227650c9a,"Pędy bambusa, paseczki 225g House of Asia",owoce-marynowane-warzywa,1,allergenDeclaration,true,225g,clear_single_size,100,true,KIMCHI-65,https://kimchi.pl/product-pol-65.html,https://asiandeligo.eshoper.pro/products/pedy-bambusa-paseczki-225g-house-of-asia
168,kimchi_pickles,13,ADG-000035,deb0400d-0933-4c43-9482-ecdb27e459b0,Młody imbir marynowany różowy 190g - House of Asia,imbir-marynowany,1,allergenDeclaration,true,190g,clear_single_size,100,true,KIMCHI-132,https://kimchi.pl/product-pol-132.html,https://asiandeligo.eshoper.pro/products/mlody-imbir-marynowany-rozowy-190g-house-of-asia
169,kimchi_pickles,14,ADG-000080,f459f271-4cca-4aac-befa-e79d52138595,Kiełki fasoli mung 330g Diamond,owoce-marynowane-warzywa,1,allergenDeclaration,true,330g,clear_single_size,100,true,KIMCHI-286,https://kimchi.pl/product-pol-286.html,https://asiandeligo.eshoper.pro/products/kielki-fasoli-mung-330g-diamond
170,kimchi_pickles,15,ADG-000276,7cfb28b3-b908-4bbc-ad27-5483e6cfe27e,Zielony jackfruit w słonej zalewie 540g - Twin Elephants & Earth Brand,owoce-marynowane-warzywa,1,allergenDeclaration,true,540g,clear_single_size,100,true,KIMCHI-1145,https://kimchi.pl/product-pol-1145.html,https://asiandeligo.eshoper.pro/products/zielony-jackfruit-w-slonej-zalewie-540g-twin-elephants-and-earth-brand
171,sushi_seaweed,1,ADG-000110,1d87aa98-41fc-46a2-9c92-fa878fba5547,"Papier ryżowy okrągły 22cm, 500g - Hiep Long",papier-ryżowy,3,allergenDeclaration|nutrition|storageZone,true,500g,clear_single_size,100,true,KIMCHI-413,https://kimchi.pl/product-pol-413.html,https://asiandeligo.eshoper.pro/products/papier-ryzowy-okragly-22cm-500g-hiep-long
172,sushi_seaweed,2,ADG-000535,f382d156-0bfb-4705-b67e-a5be327c75b5,"Wakame, suszone wodorosty 300g (3 x 100g) Nobi",wakame-miyeok,3,allergenDeclaration|nutrition|storageZone,true,300g,clear_multipack,100,true,KIMCHI-2645,https://kimchi.pl/product-pol-2645.html,https://asiandeligo.eshoper.pro/products/wakame-suszone-wodorosty-300g-3-x-100g-nobi
173,sushi_seaweed,3,ADG-000265,ddb76012-c5ea-4968-a0e9-02fd31742a1f,Glony do sushi Yaki Nori GOLD 50 szt. - KC,arkusze-nori-gim,3,allergenDeclaration|unitPrice|storageZone,false,,no_weight_or_volume,100,true,KIMCHI-1093,https://kimchi.pl/product-pol-1093.html,https://asiandeligo.eshoper.pro/products/glony-do-sushi-yaki-nori-gold-50-szt-kc
174,sushi_seaweed,4,ADG-000453,b1525c0c-150e-4ec3-8ea7-35d3bd6d19ec,"Glony Yaki Sushi Nori Gold, 50 szt. - Nobi",arkusze-nori-gim,3,allergenDeclaration|unitPrice|storageZone,false,,no_weight_or_volume,100,true,KIMCHI-2326,https://kimchi.pl/product-pol-2326.html,https://asiandeligo.eshoper.pro/products/glony-yaki-sushi-nori-gold-50-szt-nobi
175,sushi_seaweed,5,ADG-000491,3c560dda-81db-4518-983b-c57dddd07b56,Algi Sushi Nori Premium Gold 10 szt - Asia Kitchen,arkusze-nori-gim,3,allergenDeclaration|unitPrice|storageZone,false,,no_weight_or_volume,100,true,KIMCHI-2505,https://kimchi.pl/product-pol-2505.html,https://asiandeligo.eshoper.pro/products/algi-sushi-nori-premium-gold-10-szt-asia-kitchen
176,sushi_seaweed,6,ADG-000492,cc9d23b3-fb57-4788-8a28-e73456484a76,Algi Sushi Nori Premium Gold 3 x 10 szt - Asia Kitchen,arkusze-nori-gim,3,allergenDeclaration|unitPrice|storageZone,false,,no_weight_or_volume,100,true,KIMCHI-2506,https://kimchi.pl/product-pol-2506.html,https://asiandeligo.eshoper.pro/products/algi-sushi-nori-premium-gold-3-x-10-szt-asia-kitchen
177,sushi_seaweed,7,ADG-000493,15562453-ea2a-486c-af9b-69f839c457e8,Algi Sushi Nori Premium Gold 5 x 10 szt - Asia Kitchen,arkusze-nori-gim,3,allergenDeclaration|unitPrice|storageZone,false,,no_weight_or_volume,100,true,KIMCHI-2507,https://kimchi.pl/product-pol-2507.html,https://asiandeligo.eshoper.pro/products/algi-sushi-nori-premium-gold-5-x-10-szt-asia-kitchen
178,sushi_seaweed,8,ADG-000537,8fca21b8-f8b4-4f3d-9145-94286bea5193,Glony do sushi Yaki Nori GOLD 10 szt. - KC,arkusze-nori-gim,3,allergenDeclaration|unitPrice|storageZone,false,,no_weight_or_volume,100,true,KIMCHI-2648,https://kimchi.pl/product-pol-2648.html,https://asiandeligo.eshoper.pro/products/glony-do-sushi-yaki-nori-gold-10-szt-kc
179,sushi_seaweed,9,ADG-000538,0526158d-78a8-42d8-8967-79c48996af93,Glony do sushi Yaki Nori GOLD 3 x 10 szt. - KC,arkusze-nori-gim,3,allergenDeclaration|unitPrice|storageZone,false,,no_weight_or_volume,100,true,KIMCHI-2649,https://kimchi.pl/product-pol-2649.html,https://asiandeligo.eshoper.pro/products/glony-do-sushi-yaki-nori-gold-3-x-10-szt-kc
180,sushi_seaweed,10,ADG-000539,83158f9d-da2a-4cd7-acbe-e486b3819dca,Glony do sushi Yaki Nori GOLD 5 x 10 szt. - KC,arkusze-nori-gim,3,allergenDeclaration|unitPrice|storageZone,false,,no_weight_or_volume,100,true,KIMCHI-2650,https://kimchi.pl/product-pol-2650.html,https://asiandeligo.eshoper.pro/products/glony-do-sushi-yaki-nori-gold-5-x-10-szt-kc
181,sushi_seaweed,11,ADG-000564,9772939b-e59e-4f3f-b110-0c629561662a,Algi Sushi Nori Gold 50 szt. - Sen Soy,arkusze-nori-gim,3,allergenDeclaration|unitPrice|storageZone,false,,no_weight_or_volume,100,true,KIMCHI-2761,https://kimchi.pl/product-pol-2761.html,https://asiandeligo.eshoper.pro/products/algi-sushi-nori-gold-50-szt-sen-soy
182,sushi_seaweed,12,ADG-000105,020688fc-5686-40f7-acb2-9b94f22d41ec,"Papier ryżowy okrągły 22cm, 300g - Ricefield Cu Chi",papier-ryżowy,2,allergenDeclaration|storageZone,true,300g,clear_single_size,100,true,KIMCHI-388,https://kimchi.pl/product-pol-388.html,https://asiandeligo.eshoper.pro/products/papier-ryzowy-okragly-22cm-300g-ricefield-cu-chi
183,sushi_seaweed,13,ADG-000121,93e8f4dd-c4bd-49d1-9f5d-5cd8fcb327aa,"Papier ryżowy kwadratowy 16x16cm, 300g - Ricefield Cu Chi",papier-ryżowy,2,allergenDeclaration|storageZone,true,300g,clear_single_size,100,true,KIMCHI-448,https://kimchi.pl/product-pol-448.html,https://asiandeligo.eshoper.pro/products/papier-ryzowy-kwadratowy-16x16cm-300g-ricefield-cu-chi
184,sushi_seaweed,14,ADG-000234,1f5af118-c419-4fbb-b1cd-1c9689105e76,Wakame (miyeok) suszone wodorosty sałatkowe 25g - CJO Essential,wakame-miyeok,2,allergenDeclaration|storageZone,true,25g,clear_single_size,100,true,KIMCHI-994,https://kimchi.pl/product-pol-994.html,https://asiandeligo.eshoper.pro/products/wakame-miyeok-suszone-wodorosty-salatkowe-25g-cjo-essential
185,sushi_seaweed,15,ADG-000352,3b327d75-8dbf-488f-b314-4ce50670ff0b,"Wakame, suszone wodorosty 100g - Eagle Brand",wakame-miyeok,2,allergenDeclaration|storageZone,true,100g,clear_single_size,100,true,KIMCHI-1449,https://kimchi.pl/product-pol-1449.html,https://asiandeligo.eshoper.pro/products/wakame-suszone-wodorosty-100g-eagle-brand
186,mushrooms_tofu_vegetables,1,ADG-000025,12ce76e0-949b-4a99-acde-fb8643d64880,Wodorosty kombu 100g Asia Kitchen,kombu-dasima,3,allergenDeclaration|nutrition|storageZone,true,100g,clear_single_size,100,true,KIMCHI-78,https://kimchi.pl/product-pol-78.html,https://asiandeligo.eshoper.pro/products/wodorosty-kombu-100g-asia-kitchen
187,mushrooms_tofu_vegetables,2,ADG-000702,83a6fbe5-3152-4a0c-9a89-8a1c00decfd5,"Edomae Inari Age, smażone kieszonki tofu (24 szt.) 540g - Nishimoto",tofu,3,allergenDeclaration|nutrition|storageZone,true,540g,clear_single_size,100,true,KIMCHI-3396,https://kimchi.pl/product-pol-3396.html,https://asiandeligo.eshoper.pro/products/edomae-inari-age-smazone-kieszonki-tofu-24-szt-540g-nishimoto
188,mushrooms_tofu_vegetables,3,ADG-000062,2da68988-e8b0-4ff4-9095-a467f89d08b5,"Suszone grzyby mun, krojone 100g",grzyby-mun,2,allergenDeclaration|storageZone,true,100g,clear_single_size,100,true,KIMCHI-224,https://kimchi.pl/product-pol-224.html,https://asiandeligo.eshoper.pro/products/suszone-grzyby-mun-krojone-100g
189,mushrooms_tofu_vegetables,4,ADG-000069,8c8ec793-c6a8-4c5e-ad09-5a6e44578392,Grzyby shiitake w zalewie 284g Diamond,grzyby-shiitake,2,allergenDeclaration|storageZone,true,284g,clear_single_size,100,true,KIMCHI-242,https://kimchi.pl/product-pol-242.html,https://asiandeligo.eshoper.pro/products/grzyby-shiitake-w-zalewie-284g-diamond
190,mushrooms_tofu_vegetables,5,ADG-000089,86eba157-77c4-47a8-9e10-465f49055467,Grzyby słomiane (pochwiaki) 425g - Diamond,inne-grzyby-azjatyckie,2,allergenDeclaration|storageZone,true,425g,clear_single_size,100,true,KIMCHI-335,https://kimchi.pl/product-pol-335.html,https://asiandeligo.eshoper.pro/products/grzyby-slomiane-pochwiaki-425g-diamond
191,mushrooms_tofu_vegetables,6,ADG-000179,ece19366-8b91-45f4-ad7c-635a0d28893b,Glony Dasima (kombu) suszone 56g - Assi Brand,kombu-dasima,2,allergenDeclaration|storageZone,true,56g,clear_single_size,100,true,KIMCHI-756,https://kimchi.pl/product-pol-756.html,https://asiandeligo.eshoper.pro/products/glony-dasima-kombu-suszone-56g-assi-brand
192,mushrooms_tofu_vegetables,7,ADG-000382,a781dc2b-68c0-45ec-9259-f165517268a9,"Wodorosty Kombu / Dasima, cięte 150g - CJO Essential",kombu-dasima,2,allergenDeclaration|nutrition,true,150g,clear_single_size,100,true,KIMCHI-1799,https://kimchi.pl/product-pol-1799.html,https://asiandeligo.eshoper.pro/products/wodorosty-kombu-dasima-ciete-150g-cjo-essential
193,mushrooms_tofu_vegetables,8,ADG-000957,753061da-9a37-4ca8-9d5c-bb5166850fe6,Grzyby shiitake w zalewie 284g - House of Asia,grzyby-shiitake,2,allergenDeclaration|storageZone,true,284g,clear_single_size,100,true,KIMCHI-4290,https://kimchi.pl/product-pol-4290.html,https://asiandeligo.eshoper.pro/products/grzyby-shiitake-w-zalewie-284g-house-of-asia
194,mushrooms_tofu_vegetables,9,ADG-000029,c34fca7b-a731-46a9-b8cb-4c593ab189ce,Grzyby shiitake suszone 50g Asia Kitchen,grzyby-shiitake,1,allergenDeclaration,true,50g,clear_single_size,100,true,KIMCHI-85,https://kimchi.pl/product-pol-85.html,https://asiandeligo.eshoper.pro/products/grzyby-shiitake-suszone-50g-asia-kitchen
195,mushrooms_tofu_vegetables,10,ADG-000034,07ea98ed-dce8-416e-9294-05b85cf0f1b5,Grzyby shiitake suszone 100g Asia Kitchen,grzyby-shiitake,1,allergenDeclaration,true,100g,clear_single_size,100,true,KIMCHI-128,https://kimchi.pl/product-pol-128.html,https://asiandeligo.eshoper.pro/products/grzyby-shiitake-suszone-100g-asia-kitchen
196,mushrooms_tofu_vegetables,11,ADG-000071,fee84445-fa4e-4ef8-bf8c-be3a1354dad2,"Suszone grzyby mun, krojone 100g Asia Kitchen",grzyby-mun,1,allergenDeclaration,true,100g,clear_single_size,100,true,KIMCHI-251,https://kimchi.pl/product-pol-251.html,https://asiandeligo.eshoper.pro/products/suszone-grzyby-mun-krojone-100g-asia-kitchen
197,mushrooms_tofu_vegetables,12,ADG-000308,af4d6e84-9d20-41c9-8da7-c9a73c340942,"Yuba, suszone płaty tofu 200g - Swallow Sailing",tofu,1,storageZone,true,200g,clear_single_size,100,true,KIMCHI-1275,https://kimchi.pl/product-pol-1275.html,https://asiandeligo.eshoper.pro/products/yuba-suszone-platy-tofu-200g-swallow-sailing
198,mushrooms_tofu_vegetables,13,ADG-000349,827cd31c-bca0-471d-951b-84c12f99edea,"Suszone grzyby mun, całe 50g - Green Pagoda",grzyby-mun,1,allergenDeclaration,true,50g,clear_single_size,100,true,KIMCHI-1444,https://kimchi.pl/product-pol-1444.html,https://asiandeligo.eshoper.pro/products/suszone-grzyby-mun-cale-50g-green-pagoda
199,mushrooms_tofu_vegetables,14,ADG-000350,75d84337-0e30-46b5-bfef-4990d9796d25,"Suszone grzyby mun, nitki 50g - Green Pagoda",grzyby-mun,1,allergenDeclaration,true,50g,clear_single_size,100,true,KIMCHI-1445,https://kimchi.pl/product-pol-1445.html,https://asiandeligo.eshoper.pro/products/suszone-grzyby-mun-nitki-50g-green-pagoda
200,mushrooms_tofu_vegetables,15,ADG-000371,23fa545f-690c-4b60-a298-83026cf799c2,"Suszone grzyby mun, krojone 1kg",grzyby-mun,1,allergenDeclaration,true,1000g,clear_single_size,100,true,KIMCHI-1535,https://kimchi.pl/product-pol-1535.html,https://asiandeligo.eshoper.pro/products/suszone-grzyby-mun-krojone-1kg
