decision,id,slug,name,category,firstSku,sourceUrl,sourceStatus,currentIngredientsPresent,currentAllergensPresent,currentNutritionPresent,currentStorageZone,rawAllergenWarning,candidateAllergens,rawStorageText,candidateStorageZone,rawIngredients,nutritionServingSize,nutritionCaloriesKcal,nutritionEnergyKj,nutritionFat,nutritionSaturatedFat,nutritionCarbs,nutritionSugar,nutritionFiber,nutritionProtein,nutritionSalt,nutritionRaw,dietTraits,productTraits
review_candidate,adcd2bb3-9284-4ac4-9766-2d39c319ad86,KIMCHI-5216,"2 x Angel Hair Chocolate, zestaw czekolad z anielskim włosiem i pistacjami - biała i różowa 80g Mistachio",słodycze-przekąski,KIMCHI-5216,https://kimchi.pl/product-pol-5216.html,200,yes,no,no,,"Produkt zawiera mleko, orzechy (pistacje), pszenicę i soję. Przechowywać w suchym i chłodnym miejscu.",cereals|soybeans|milk|nuts,Przechowywać w suchym i chłodnym miejscu.,AMBIENT,"Biała czekolada: Biała polewa z masła kakaowego (60%) [cukier, olej roślinny (całkowicie uwodorniony olej palmowy), serwatka w proszku (15%) (mleko), suszone mleko odtłuszczone (2. 2%), emulgator (lecytyna słonecznikowa)], krem pistacjowy (20%) [cukier, olej roślinny (bawełniany, słonecznikowy, całkowicie uwodorniony olej palmowy), pulpa pistacjowa (30%), suszone mleko pełne, suszone mleko odtłuszczone, barwnik (kompleksy miedziowe chlorofilin, kurkumina), emulgator (lecytyna słonecznikowa)], Pişmaniye (20%) [cukier, mąka pszenna (gluten), olej roślinny (całkowicie uwodorniony olej palmowy), aromat (wanilina), regulator kwasowości (kwas cytrynowy)]. Różowa czekolada: Czekolada o smaku malinowym (60%) [cukier, olej roślinny (całkowicie uwodorniony olej palmowy), serwatka w proszku (mleko), emulgator (lecytyna słonecznikowa), czarna marchew, koncentrat brzoskwiniowy, mandarynka, wzmacniacz smaku (malina)], krem pistacjowy (20%) [cukier, olej roślinny (bawełniany, słonecznikowy, całkowicie uwodorniony olej palmowy), pistacje (30%), pełne mleko w proszku, mleko odtłuszczone w proszku, barwnik (kompleksy miedziowe chlorofilin, kurkumina), emulgator (lecytyna słonecznikowa)], Pişmaniye (20%) [cukier, mąka pszenna (gluten), olej roślinny (całkowicie uwodorniony palmowy), aromat (wanilina), regulator kwasowości (kwas cytrynowy)].",w 100g/100ml,493,2064,25,17,57,38,,10,0.45,"(w 100g/100ml)
Wartość energetyczna
2064kJ/493kcal
Tłuszcze
25g
Węglowodany
57g
*w tym cukry
38g
Białko
10g
Sól
0,45g
*w tym kwasy tłuszczowe nasycone 17g",[](https://kimchi.pl/tra-pol-1796-|Wegetarianska.html),Halal|Kupująć ten produkt otrzymasz pkt.
review_candidate,7f821fb2-729b-411d-aa9a-f34886fea0ec,KIMCHI-5215,"2 x Dubai Chocolate, zestaw czekolad dubajskich z kremem pistacjowym i ciastem kataifi - mleczna i biała 160g Q Chew",słodycze-przekąski,KIMCHI-5215,https://kimchi.pl/product-pol-5215.html,200,yes,no,no,,"Produkt zawiera mleko, orzechy (pistacje), pszenicę i soję. Przechowywać w suchym i chłodnym miejscu.",cereals|soybeans|milk|nuts,Przechowywać w suchym i chłodnym miejscu.,AMBIENT,"Klasyczna mleczna czekolada: Masa kakaowa, masło kakaowe, kakao w proszku, cukier, pełne mleko w proszku, tłuszcz roślinny (palmowy), pistacje, mąka pszenna, skrobia kukurydziana, sól, emulgator: lecytyna sojowa (E322); wanilina, barwniki: tartrazyna (E102*), zieleń S (E142) *Barwnik E102 może mieć szkodliwy wpływ na aktywność i skupienie uwagi u dzieci. Biała czekolada: Masło kakaowe, cukier, pełne mleko krowie w proszku, tłuszcz roślinny (palmowy), pistacje, mąka pszenna, woda, skrobia kukurydziana, sól, emulgator: lecytyna sojowa (E322); wanilina, barwniki: tartrazyna (E102*), zieleń S (E142) *Barwnik E102 może mieć szkodliwy wpływ na aktywność i skupienie uwagi u dzieci.",w 100g/100ml,552,2310,32.9,19.4,53.1,40.4,,10.9,50.7,"(w 100g/100ml)
Wartość energetyczna
2310kJ/552kcal
Tłuszcze
32,9g
Węglowodany
53,1g
*w tym cukry
40,4g
Białko
10,9g
Sól
50,7mg
*w tym kwasy tłuszczowe nasycone 19,4g",[](https://kimchi.pl/tra-pol-1796-|Wegetarianska.html),Halal|Kupująć ten produkt otrzymasz pkt.
review_candidate,4afbcbc4-fb57-4059-b114-c1853c9fc1c6,KIMCHI-5034,"Ajitsuke Menma, marynowane fermentowane pędy bambusa w plasterkach 100g - Momoya",pasty-smakowe,KIMCHI-5034,https://kimchi.pl/product-pol-5034.html,200,yes,no,no,,"Produkt zawiera soję, pszenicę i sezam. Przechowywać w suchym i chłodnym miejscu. Po otwarciu przechowywać w lodówce.",cereals|soybeans|sesame,Przechowywać w suchym i chłodnym miejscu. Po otwarciu przechowywać w lodówce.,AMBIENT,"Pędy bambusa, sos sojowy (woda, soja, pszenica, sól), cukier, olej sezamowy, sól, glutaminian sodu, ekstrakt drożdżowy, glukono-delta-lakton, sproszkowana cebula, kwas cytrynowy, inozynian disodowy, 5'-guanylan disodowy",w porcji 100g,67,280,2.4,0.5,10.7,3.5,,2.1,4.1,"(w porcji 100g)
Wartość energetyczna
280kJ/67kcal
Tłuszcze
2,4g
*w tym kwasy tłuszczowe nasycone
0,5g
Węglowodany
10,7g
*w tym cukry
3,5g
Białko
2,1g
Sól
4,1g",[](https://kimchi.pl/tra-pol-1796-|Wegetarianska.html)[](https://kimchi.pl/tra-pol-1797-|Weganska.html)|Kupująć ten produkt otrzymasz pkt.,
review_candidate,1e6b429d-24aa-4f7f-9c60-2c8fb969f7f4,KIMCHI-1428,"Ajitsuke Shiitake, grzyby w słodkiej zalewie 500g - Asia Kitchen",grzyby-shiitake,KIMCHI-1428,https://kimchi.pl/product-pol-1428.html,200,yes,no,no,,Produkt zawiera soję oraz pszenicę. Przechowywać w suchym i chłodnym miejscu. Po otwarciu przechowywać w lodówce. Wskazówka - Ajitsuke Shiitake można również zamrozić! W tym celu grzyby wraz z zalewą należy przełożyć do pojemnika odpornego na niskie temperatury i przechowywać w zamrażalniku. Spożyć w ciągu 1-2 miesięcy.,cereals|soybeans,Przechowywać w suchym i chłodnym miejscu. Po otwarciu przechowywać w lodówce.,AMBIENT,"Grzyby, cukier, sos sojowy (woda, odtłuszczona soja, pszenica, sól), woda, ekstrakt drożdżowy, kwas cytrynowy, karmel: E150d",w 100g/100ml,129,545,0.2,,27,22,,3.2,2.5,"(w 100g/100ml)
Wartość energetyczna
545kJ/129kcal
Tłuszcze
0,2g
Węglowodany
27g
*w tym cukry
22g
Białko
3,2g
Sól
2,5g",[](https://kimchi.pl/tra-pol-1796-|Wegetarianska.html)[](https://kimchi.pl/tra-pol-1797-|Weganska.html)|Kraj pochodzenia:|Chiny|Kupująć ten produkt otrzymasz pkt.,
review_candidate,25a2c3c5-267e-41f7-9a00-a66d22c9407a,KIMCHI-14,"Algi nori do sushi, 6 listków - House of Asia",arkusze-nori-gim,KIMCHI-14,https://kimchi.pl/product-pol-14.html,200,yes,no,no,,,,"Przechowywać w suchym miejscu, z dala od bezpośredniego działania promieni słonecznych. Chronić przed wilgocią.",AMBIENT,100% prażone algi morskie nori (Porphyra Yezoensis),w 100g/100ml,396,1683,0,0,33,0,,66,0.12,"(w 100g/100ml)
Wartość energetyczna
1683kJ/396kcal
Tłuszcze
0g
*w tym kwasy tłuszczowe nasycone
0g
Węglowodany
33g
*w tym cukry
0g
Białko
66g
Sól
0,12g",[](https://kimchi.pl/tra-pol-1796-|Wegetarianska.html)[](https://kimchi.pl/tra-pol-1797-|Weganska.html)[](https://kimchi.pl/tra-pol-1798-|Bezglutenowa.html),Bez pszenicy|Bez oleju|Bez konserwantów|Kupująć ten produkt otrzymasz pkt.
review_candidate,9772939b-e59e-4f3f-b110-0c629561662a,KIMCHI-2761,Algi Sushi Nori Gold 50 szt. - Sen Soy,arkusze-nori-gim,KIMCHI-2761,https://kimchi.pl/product-pol-2761.html,200,yes,no,no,,,,,,Suszone algi morskie Nori 125g,w 100g/100ml,361,1510,2.5,,42,0,,42.5,,"(w 100g/100ml)
Wartość energetyczna
1510kJ/361kcal
Tłuszcze
2,5g
Węglowodany
42g
*w tym cukry
0g
Białko
42,5g
Sód
0g",[](https://kimchi.pl/tra-pol-1796-|Wegetarianska.html)[](https://kimchi.pl/tra-pol-1797-|Weganska.html)[](https://kimchi.pl/tra-pol-1798-|Bezglutenowa.html),Bez pszenicy|Kupująć ten produkt otrzymasz pkt.
review_candidate,3c560dda-81db-4518-983b-c57dddd07b56,KIMCHI-2505,Algi Sushi Nori Premium Gold 10 szt - Asia Kitchen,arkusze-nori-gim,KIMCHI-2505,https://kimchi.pl/product-pol-2505.html,200,yes,no,no,,,,,,"Arkusze z suszonych wodorostów, prażone 26g",w 100g/100ml,356,1489.5,5.52,2.17,36.9,0,,44.1,,"(w 100g/100ml)
Wartość energetyczna
1489,5kJ/356kcal
Tłuszcze
5,52g
Węglowodany
36,9g
*w tym cukry
0g
Białko
44,1g
Sód
939mg
*w tym kwasy tłuszczowe nasycone 2,17g",[](https://kimchi.pl/tra-pol-1796-|Wegetarianska.html)[](https://kimchi.pl/tra-pol-1797-|Weganska.html)[](https://kimchi.pl/tra-pol-1798-|Bezglutenowa.html),Bez pszenicy|Kupująć ten produkt otrzymasz pkt.
review_candidate,cc9d23b3-fb57-4788-8a28-e73456484a76,KIMCHI-2506,Algi Sushi Nori Premium Gold 3 x 10 szt - Asia Kitchen,arkusze-nori-gim,KIMCHI-2506,https://kimchi.pl/product-pol-2506.html,200,yes,no,no,,,,,,"Arkusze z suszonych wodorostów, prażone 78g",w 100g/100ml,356,1489.5,5.52,2.17,36.9,0,,44.1,,"(w 100g/100ml)
Wartość energetyczna
1489,5kJ/356kcal
Tłuszcze
5,52g
Węglowodany
36,9g
*w tym cukry
0g
Białko
44,1g
Sód
939mg
*w tym kwasy tłuszczowe nasycone 2,17g",[](https://kimchi.pl/tra-pol-1796-|Wegetarianska.html)[](https://kimchi.pl/tra-pol-1797-|Weganska.html)[](https://kimchi.pl/tra-pol-1798-|Bezglutenowa.html),Bez pszenicy|Kupująć ten produkt otrzymasz pkt.
review_candidate,15562453-ea2a-486c-af9b-69f839c457e8,KIMCHI-2507,Algi Sushi Nori Premium Gold 5 x 10 szt - Asia Kitchen,arkusze-nori-gim,KIMCHI-2507,https://kimchi.pl/product-pol-2507.html,200,yes,no,no,,,,,,"Arkusze z suszonych wodorostów, prażone 130g",w 100g/100ml,356,1489.5,5.52,2.17,36.9,0,,44.1,,"(w 100g/100ml)
Wartość energetyczna
1489,5kJ/356kcal
Tłuszcze
5,52g
Węglowodany
36,9g
*w tym cukry
0g
Białko
44,1g
Sód
939mg
*w tym kwasy tłuszczowe nasycone 2,17g",[](https://kimchi.pl/tra-pol-1796-|Wegetarianska.html)[](https://kimchi.pl/tra-pol-1797-|Weganska.html)[](https://kimchi.pl/tra-pol-1798-|Bezglutenowa.html),Bez pszenicy|Kupująć ten produkt otrzymasz pkt.
review_candidate,2cafcfd0-c8e2-4a5c-8d44-a01c2b52b34d,KIMCHI-5450,Aloe 97% Soothing Gel Lotion Intensive Moisturizing 240ml - intensywnie nawilżający aloesowy balsam do ciała - Holika Holika,koreańskie-kosmetyki,KIMCHI-5450,https://kimchi.pl/product-pol-5450.html,200,yes,no,no,,,,,,"aktywne: Ekstrakt z melisy – roślina o właściwościach łagodzących i antybakteryjnych. Ekstrakt z melisy łagodzi podrażnienia skóry, redukuje stany zapalne i chroni skórę przed szkodliwymi czynnikami zewnętrznymi. Dodatkowo, melisa pomaga w utrzymaniu równowagi skóry i wspomaga jej naturalne procesy regeneracyjne. Ekstrakt z rumianku – znany ze swoich właściwości łagodzących i przeciwzapalnych. Ekstrakt z rumianku pomaga w redukcji podrażnień skóry, łagodzi stany zapalne i zmniejsza zaczerwienienia. Jest również bogaty w przeciwutleniacze, które pomagają w ochronie skóry przed szkodliwymi czynnikami zewnętrznymi. Ekstrakt z zielonej herbaty – bogaty w przeciwutleniacze, takie jak polifenole, które pomagają w ochronie skóry przed wolnymi rodnikami i uszkodzeniami oksydacyjnymi. Ekstrakt z zielonej herbaty działa także antybakteryjnie i przeciwzapalnie, a także pomaga w redukcji zaczerwienień i stany zapalne skóry. Sposób użycia: Po kąpieli lub prysznicu, nanieś odpowiednią ilość balsamu na dłonie. Delikatnie rozprowadź balsam na ciele, masując skórę ruchami okrężnymi, aż do całkowitego wchłonięcia.Skup się na suchych obszarach, takich jak łokcie, kolana i pięty. Stosuj balsam codziennie lub według potrzeb skóry, aby utrzymać jej odpowiednie nawilżenie. * * * Kraj pochodzenia: Korea Południowa Skład: Water, Glycerin, Caprylic/Capric Triglyceride, Butylene Glycol, Octyldodecanol, 1,2-Hexanediol, Butyrospermum Parkii (Shea) Butter, Arachidyl Alcohol, Lactobacillus/Aloe Barbadensis Ferment Filtrate, Behenyl Alcohol, Arachidyl Glucoside, Cetearyl Olivate, Tromethamine, Carbomer, Sorbitan Olivate, Acrylates/C10-30 Alkyl Acrylate Crosspolymer, Ethylhexylglycerin, Portulaca Oleracea Extract, Succinoglycan, Propanediol, Artemisia Princeps Leaf Extract, Sodium Hyaluronate, Ribes Nigrum (Black Currant) Seed Oil, Centella Asiatica Extract, Helianthus Annuus (Sunflower) Seed Oil Unsaponifiables, Ectoin, Cardiospermum Halicacabum Flower/Leaf/Vine Extract, Rosa Damascena Flower Extract, Arnica Montana Flower Extract, Artemisia Vulgaris Extract, Ascophyllum Nodosum Extract, Aspalathus Linearis Extract, Camellia Sinensis Leaf Extract, Eucalyptus Globulus Leaf Extract, Fucus Vesiculosus Extract, Hamamelis Virginiana (Witch Hazel) Leaf Extract, Lavandula Angustifolia (Lavender) Flower Extract, Leontopodium Alpinum Extract, Marrubium Vulgare Extract, Melissa Officinalis Leaf Extract, Mentha Rotundifolia Leaf Extract, Phyllanthus Emblica Fruit Extract, Sambucus Nigra Flower Extract, Symphytum Officinale Leaf Extract, Thymus Vulgaris (Thyme) Extract, Tilia Cordata Flower Extract, Helianthus Annuus (Sunflower) Seed Oil, Rosmarinus Officinalis (Rosemary) Leaf Extract, Disodium Edta, Tocopherol",,,,,,,,,,,,,
review_candidate,dd214412-72a5-48c9-a6d0-8af96e14c5c2,KIMCHI-5449,"Aloe 99% Soothing Gel 250ml - wielofunkcyjny żel aloesowy do twarzy, ciała i włosów - Holika Holika",koreańskie-kosmetyki,KIMCHI-5449,https://kimchi.pl/product-pol-5449.html,200,yes,no,no,,,,,,"aktywne: Sok z liści aloesu – bogaty w substancje nawilżające i kojące, które doskonale nawilżają i łagodzą skórę, pozostawiając ją promienną i odświeżoną. Ekstrakt z kwiatu lotosu – ma właściwości przeciwzapalne i antyoksydacyjne, pomagając skórze w regeneracji i ochronie przed szkodliwymi czynnikami zewnętrznymi. Ekstrakt z wąkroty azjatyckiej – znany także jako gotu kola, który działa łagodząco i przyspiesza gojenie skóry, redukując zaczerwienienia i podrażnienia. Ekstrakt z bambusa – działa tonizująco i odświeżająco na skórę, jednocześnie regulując jej wydzielanie sebum i wspomagając jej naturalne oczyszczanie. Sposób użycia: Nanieś odpowiednią ilość żelu na czystą i suchą skórę twarzy lub ciała, delikatnie wmasowując aż do pełnego wchłonięcia. Możesz stosować go w dowolnym momencie, gdy twoja skóra potrzebuje dodatkowego nawilżenia i odświeżenia. Idealnie sprawdzi się zarówno po opalaniu, jako kojący balsam, jak i po goleniu, łagodząc podrażnienia. Może być stosowany również jako lekka maseczka na skórę twarzy, pozostawiając ją promienną i odżywioną. * * * Kraj pochodzenia: Korea Południowa Skład: Aloe Barbadensis Leaf Juice, Nelumbium Speciosum Flower Extract, Centella Asiatica Extract, Bambusa Vulgaris Extract, Cucumis Sativus (Cucumber) Fruit Extract, Zea Mays (Corn) Leaf Extract, Brassica Oleracea Capitata (Cabbage) Leaf Extract, Citrullus Lanatus (Watermelon) Fruit Extract, PEG-60 Hydrogenated Castor Oil, Sodium Polyacrylate, Carbomer, Triethanolamine, Parfum, Phenoxyethanol",,,,,,,,,,,,,
review_candidate,3bf41da3-be08-4b66-aa9c-842cff3be645,KIMCHI-5452,Aloe CICA Waterproof Sunscreen SPF 50+ PA++++ Wodoodporny żel przeciwsłoneczny o działaniu kojącym i nawilżającym 100ml Holika Holika,koreańskie-kosmetyki,KIMCHI-5452,https://kimchi.pl/product-pol-5452.html,200,yes,no,no,,,,,,"aktywne: Filtry UV nowej generacji (Diethylamino Hydroxybenzoyl Hexyl Benzoate, Ethylhexyl Triazone, Bis-Ethylhexyloxyphenol Methoxyphenyl Triazine, Methylene Bis-Benzotriazolyl Tetramethylbutylphenol) – szerokopasmowa, fotostabilna ochrona przed UVA, UVB i światłem niebieskim. Kompleks 8 form kwasu hialuronowego (Sodium Hyaluronate, Hyaluronic Acid, Hydrolyzed Hyaluronic Acid, Hydrolyzed Sodium Hyaluronate, Sodium Hyaluronate Crosspolymer, Potassium Hyaluronate, Hydroxypropyltrimonium Hyaluronate, Sodium Acetylated Hyaluronate) – zapewnia intensywne, głębokie i długotrwałe nawilżenie skóry. Centella Asiatica + Madecassoside, Asiaticoside, Asiatic Acid – łagodzą, regenerują i wzmacniają barierę hydrolipidową skóry. Aloe Barbadensis Extract – nawilża, koi i przyspiesza regenerację skóry podrażnionej działaniem słońca. Niacinamide – działa przeciwzapalnie, rozjaśnia przebarwienia i reguluje wydzielanie sebum. Panthenol, Allantoin, Ectoin – łagodzą i odbudowują skórę, zwiększając jej odporność na stres środowiskowy. Fermenty Lactobacillus i Saccharomyces – wspierają równowagę mikrobiomu skóry i poprawiają jej kondycję. Tocopherol (witamina E) – silny antyoksydant chroniący przed stresem oksydacyjnym. Sposób użycia: Stosuj codziennie jako ostatni etap porannej pielęgnacji. Nałóż odpowiednią ilość produktu na skórę twarzy, szyi i dekoltu – minimum 15 minut przed wyjściem na zewnątrz. W razie potrzeby reaplikuj co 2–3 godziny, szczególnie po kąpieli, spoceniu się lub wytarciu skóry. Idealny także pod makijaż dzięki lekkiej, niewidocznej formule. * * * Kraj pochodzenia: Korea Południowa Skład: Water, Dibutyl Adipate, Propanediol, Diethylamino Hydroxybenzoyl Hexyl Benzoate, Ethylhexyl Triazone, Butylene Glycol, Methylene Bis-Benzotriazolyl Tetramethylbutylphenol, Coco-Caprylate/Caprate, Niacinamide, Caprylyl Methicone, Silica, 1,2-Hexanediol, Bis-Ethylhexyloxyphenol Methoxyphenyl Triazine, Glycerin, Pentylene Glycol, Lactobacillus Ferment, Centella Asiatica Extract, Centella Asiatica Leaf Extract, Centella Asiatica Root Extract, Aloe Barbadensis Extract, Allantoin, Panthenol, Houttuynia Cordata Extract, Sodium Hyaluronate, Hydrolyzed Hyaluronic Acid, Hydrolyzed Sodium Hyaluronate, Hyaluronic Acid, Hydroxypropyltrimonium Hyaluronate, Potassium Hyaluronate, Sodium Hyaluronate Crosspolymer, Sodium Acetylated Hyaluronate, Asiaticoside, Madecassoside, Madecassic Acid, Asiatic Acid, Hydrogenated Lecithin, Behenyl Alcohol, Poly C10-30 Alkyl Acrylate, Polyglyceryl-3 Methylglucose Distearate, Decyl Glucoside, Polyglyceryl-3 Distearate, Tromethamine, Carbomer, Acrylates/C10-30 Alkyl Acrylate Crosspolymer, Sodium Stearoyl Glutamate, Sodium Polyacryloyldimethyl Taurate, Stearyl Behenate, Adenosine, Ectoin, Saccharomyces Ferment, Xanthan Gum, Glyceryl Stearate Citrate, Ammonium Acryloyldimethyltaurate/VP Copolymer, Polyphenylsilsesquioxane, Ethylhexylglycerin, Disodium EDTA, Polyglyceryl-10 Laurate, Tocopherol, Parfum (Fragrance), Limonene, Hexyl Cinnamal, Linalool, Citronellol, Hydroxycitronellal.",,,,,,,,,,,,,
review_candidate,5ad12147-8c27-425f-a503-711c2a89e59b,KIMCHI-5451,Aloe Facial Cleansing Foam Pianka do oczyszczania twarzy z ekstraktem z aloesu 150ml Holika Holika,koreańskie-kosmetyki,KIMCHI-5451,https://kimchi.pl/product-pol-5451.html,200,yes,no,no,,,,,,"Aloe Barbadensis Leaf Juice, Water, Lauryl Hydroxysultaine, Myristic Acid, Lauric acid, Cocamidopropyl Betaine, Potassium Hydroxide, Sodium Chloride, Sodium Lauroyl Sarcosinate, Phenoxyethanol, Fragrance, Chlorphenesin, Ethylhexylglycerin, Caprylyl Glycol, Disodium EDTA, Palmitic Acid, Capric acid, Butylene Glycol, Betula Platyphylla Japonica Juice, Zea Mays (Corn) Silk Extract, My Asia Beauty, Cucumis Sativus (Cucumber) Fruit Extract, Nelumbo Nucifera Flower Extract, Propylene Glycol, Glycerin, Citrullus Lanatus (Watermelon) Fruit Extract, Centella Asiatica Extract, Potassium sorbate",,,,,,,,,,,,,
review_candidate,9989a4cc-b93d-4e84-96ed-e67661426a5a,KIMCHI-5454,Aloe Soothing Jelly Mask Fresh 23ml - Aloesowa maseczka do twarzy w płachcie - Holika Holika,koreańskie-kosmetyki,KIMCHI-5454,https://kimchi.pl/product-pol-5454.html,200,yes,no,no,,,,,,"aktywne: Sok z liści aloesu- znany z działania nawilżającego, łagodzącego i regenerującego. Jest bogaty w substancje odżywcze i składniki aktywne, które pomagają odżywić skórę, przywrócić jej elastyczność i zapewnić uczucie odświeżenia. Ektoina- silnych właściwościach ochronnych, który pomaga skórze w walce z czynnikami stresowymi, takimi jak promieniowanie UV, zanieczyszczenia środowiskowe i inne czynniki zewnętrzne. Działa łagodząco i przeciwzapalnie, zapewniając skórze harmonię i równowagę. Ekstrakt z liści melisy- melisa to roślina o działaniu kojącym i relaksującym. Jej ekstrakt działa antyoksydacyjnie, łagodzi podrażnienia skóry i pomaga wzmocnić naturalną barierę ochronną skóry. Ekstrakt z wąkroty azjatyckiej (Centella Asiatica Extract): Ten popularny składnik roślinny jest znany ze swoich właściwości gojących, regenerujących i przeciwzapalnych. Pomaga wzmocnić skórę, poprawia elastyczność i redukuje widoczność drobnych zmarszczek. * * * Sposób użycia: Dokładnie oczyść twarz i osusz ją delikatnie. Wyjmij maseczkę z opakowania i rozłóż ją ostrożnie, dopasowując do konturów twarzy. Pozostaw maseczkę na twarzy na około 15-20 minut, pozwalając skórze wchłonąć esencję. Po upływie czasu, usuń maseczkę i delikatnie wklep pozostałą esencję w skórę twarzy, unikając nadmiernego rozcierania. Pozwól skórze dobrze wchłonąć esencję i kontynuuj dalszą rutynę pielęgnacyjną. Pełny skład Water, Butylene Glycol, 1,2-Hexanediol, Sodium Polyacrylate, PPG-13-Decyltetradeceth-24, Carbomer, Arginine, Aloe Barbadensis Leaf Water, Glycerin, Fragrance, Ethylhexylglycerin, Centella Asiatica Extract, Agave Tequilana Leaf Extract, Glycyrrhiza Uralensis (Licorice) Root Extract, Camellia Sinensis Leaf Extract, Rosmarinus Officinalis (Rosemary) Leaf Extract, Chamomilla Recutita (Matricaria) Flower Extract, Scutellaria Baicalensis Root Extract, Polygonum Cuspidatum Root Extract, Linalool, Limonene, Ectoin, Tocopherol",,,,,,,,,,,,,
review_candidate,53d0154b-fa66-4312-b8a1-cd25fc308052,KIMCHI-5214,"Angel Hair White Chocolate, biała czekolada z pistacjami i anielskim włosiem 80g - Mistachio",słodycze-przekąski,KIMCHI-5214,https://kimchi.pl/product-pol-5214.html,200,yes,no,no,,"Produkt zawiera mleko, orzechy (pistacje), pszenicę i soję. Przechowywać w suchym i chłodnym miejscu.",cereals|soybeans|milk|nuts,Przechowywać w suchym i chłodnym miejscu.,AMBIENT,"Biała polewa z masła kakaowego (60%) [cukier, olej roślinny (całkowicie uwodorniony olej palmowy), serwatka w proszku (15%) (mleko), suszone mleko odtłuszczone (2. 2%), emulgator (lecytyna słonecznikowa)], krem pistacjowy (20%) [cukier, olej roślinny (bawełniany, słonecznikowy, całkowicie uwodorniony olej palmowy), pulpa pistacjowa (30%), suszone mleko pełne, suszone mleko odtłuszczone, barwnik (kompleksy miedziowe chlorofilin, kurkumina), emulgator (lecytyna słonecznikowa)], Pişmaniye (20%) [cukier, mąka pszenna (gluten), olej roślinny (całkowicie uwodorniony olej palmowy), aromat (wanilina), regulator kwasowości (kwas cytrynowy)].",w 100g/100ml,493,2064,25,17,57,38,,10,0.45,"(w 100g/100ml)
Wartość energetyczna
2064kJ/493kcal
Tłuszcze
25g
Węglowodany
57g
*w tym cukry
38g
Białko
10g
Sól
0,45g
*w tym kwasy tłuszczowe nasycone 17g",[](https://kimchi.pl/tra-pol-1796-|Wegetarianska.html),Halal|Kupująć ten produkt otrzymasz pkt.
review_candidate,1c4a4fb7-4e6c-418d-8f1e-250b4f2c72dd,KIMCHI-3440,"Anyż gwiaździsty, cały 50g - TRS",przyprawy-jednoskładnikowe,KIMCHI-3440,https://kimchi.pl/product-pol-3440.html,200,yes,no,no,,"Produkt może zawierać śladowe ilości orzeszków ziemnych i innych orzechów, nasion sezamu, zbóż zawierających gluten, mleka, selera, soi, gorczycy i siarczanów Przechowywać w suchym i chłodnym miejscu.",cereals|milk|nuts,Przechowywać w suchym i chłodnym miejscu.,AMBIENT,100% Anyż gwiaździsty,,,,,,,,,,,,[](https://kimchi.pl/tra-pol-1796-|Wegetarianska.html)[](https://kimchi.pl/tra-pol-1797-|Weganska.html)|Kupująć ten produkt otrzymasz pkt.,
review_candidate,ae4fe4e9-04e4-4d1d-becf-ec16718eef46,KIMCHI-5463,Aqua Petit BB 30ml - lekki krem BB z ekstraktem z zielonej herbaty - Holika Holika,koreańskie-kosmetyki,KIMCHI-5463,https://kimchi.pl/product-pol-5463.html,200,yes,no,no,,,,,,"aktywne: Ekstrakt z liści herbaty-bogaty w antyoksydanty, ekstrakt z liści herbaty chroni skórę przed stresem oksydacyjnym i wolnymi rodnikami, przyczyniając się do jej odmłodzenia i odświeżenia. Ekstrakt z lawendy- posiada właściwości łagodzące i relaksujące, pomaga w redukcji podrażnień i zaczerwienień skóry. Dodatkowo, ekstrakt z lawendy działa antybakteryjnie, wspomagając walkę z niedoskonałościami skórnymi. Hialuronian sodu- intensywnie nawilżający składnik, który wiąże wodę w skórze, zapewniając jej miękkość, jędrność i elastyczność. Pomaga utrzymać skórę dobrze nawilżoną i chroni przed utratą wilgoci. * * * Sposób użycia: Oczyść skórę twarzy i szyi. Nanieś niewielką ilość kremu BB na skórę i równomiernie rozprowadź, unikając obszarów wokół oczu. Delikatnie wklep krem BB w skórę, aby uzyskać lepsze wchłanianie. Kontynuuj swój codzienny makijaż lub pozostaw skórę naturalną i promienną. Kraj pochodzenia: Korea Południowa Pełny skład Water, Cyclopentasiloxane, Titanium Dioxide, Glycerin, Dipropylene Glycol, Talc, Peg-10 Dimethicone, Ethylhexyl Methoxycinnamate, Dimethicone, Zinc Oxide, Hexyldecyl Myristoyl Methylaminopropionate, Disteardimonium Hectorite, Isoamyl Laurate, Magnesium Sulfate, Dimethicone/Vinyl Dimethicone Crosspolymer, Vinyl Dimethicone/Methicone Silsesquioxane Crosspolymer, C12-14 Pareth-3, Silica, Iron Oxides(Ci 77492), Phenoxyethanol, Acrylates/Dimethicone Copolymer, Jojoba Esters, Iron Oxides(Ci 77491), Methicone, Palmitic Acid, Aluminum Hydroxide, Aluminum Stearate, Iron Oxides(Ci 77499), Butylene Glycol, Silica Dimethyl Silylate, Tocopheryl Acetate, Ethylhexylglycerin, Parfum, Sodium Hyaluronate, Piper Methysticum Leaf/Root/Stem Extract, Hydrogenated Lecithin, Tocopherol, Camellia Sinensis Leaf Extract, 1,2-Hexanediol, Syringa Vulgaris (Lilac) Extract, Lilium Candidum Flower Extract, Nelumbo Nucifera Flower Extract, Rosa Hybrid Flower Extract, Chrysanthemum Morifolium Flower Extract, Lavandula Angustifolia (Lavender) Flower Extract.",,,,,,,,,,,,,
review_candidate,46403f5b-6402-4512-ad23-08e0cc2fdde0,KIMCHI-5832,Aqua Petit Jelly BB SPF20 40ml - lekki krem BB + gąbeczka - Holika Holika,koreańskie-kosmetyki,KIMCHI-5832,https://kimchi.pl/product-pol-5832.html,200,yes,no,no,,,,,,"aktywny:Mięta Działanie:przeciwsłonecznematującenawilżającewyrównujące koloryt Kupująć ten produkt otrzymasz pkt. Cena produktu w punktach pkt. PayPoKup teraz, zapłać za 30 dni Kup teraz, zapłać później - 4 kroki Przy wyborze formy płatności, wybierz PayPo. PayPo opłaci twój rachunek w sklepie. Na stronie PayPo sprawdź swoje dane i podaj pesel. Po otrzymaniu zakupów decydujesz co ci pasuje, a co nie. Możesz zwrócić część albo całość zamówienia - wtedy zmniejszy się też kwota do zapłaty PayPo. W ciągu 30 dni od zakupu płacisz PayPo za swoje zakupy bez żadnych dodatkowych kosztów. Jeśli chcesz, rozkładasz swoją płatność na raty. Rozmiar uniwersalny 69,00 zł brutto / 1 szt. Cena katalogowa: Skontaktuj się z obsługą sklepu, aby oszacować czas przygotowania tego produktu do wysyłki. Produkt dostępny w bardzo dużej ilości Wysyłkajutro (13 szt.) Darmowa dostawa od 200,00 zł 14 dni na łatwy zwrot Bezpieczne zakupy -+ Dodaj do koszyka Powiadom mnie o dostępności produktu Produkt wyprzedany Otrzymasz od nas powiadomienie e-mail o ponownej dostępności produktu. Twój adres e-mail Powiadom o dostępności Dane są przetwarzane zgodnie z polityką prywatności. Przesyłając je, akceptujesz jej postanowienia. Powyższe dane nie są używane do przesyłania newsletterów lub innych reklam. Włączając powiadomienie zgadzasz się jedynie na wysłanie jednorazowo informacji o ponownej dostępności tego produktu. do porównania[do listy zakupowej](https://kimchi.pl/product-pol-5832.htmladdToShoppingList "" Kliknij, aby dodać produkt do listy zakupowej "") Możesz kupić także poprzez:",,,,,,,,,,,,,"Składnik aktywny|Mięta|Działanie przeciwsłoneczne matujące nawilżające wyrównujące koloryt|Aktualne informacje o towarach zamieszczone na stronie w momencie zakupu, tj. treść opisu, skład oraz wartości odżywcze produktu przekazywane są na adres mailowy|Klienta w formie pliku|P|D|F po złożeniu zamówienia.|Wszelkie materiały (treści, teksty, opisy produktów, grafiki, ikony, bannery, układ elementów itp.) przedstawione w sklepach|Sklep.na|Sushi.pl oraz|Kimchi.pl w obrębie domen: www.sklep.nasushi.pl, www.nasushi.pl oraz www.kimchi.pl są objęte prawami autorskimi|Sushi.pl,|Kimchi.pl lub ich dostawców treści i technologii."
review_candidate,762e8c58-8152-4369-aeb0-f3bf39f653b2,KIMCHI-3795,"Bancha, zielona herbata z późnego zbioru 60g - Maruka",herbaty,KIMCHI-3795,https://kimchi.pl/product-pol-3795.html,200,yes,no,no,,,,Przechowywać w suchym i chłodnym miejscu.,AMBIENT,Zielona herbata japońska liściasta,,,,,,,,,,,,[](https://kimchi.pl/tra-pol-1796-|Wegetarianska.html)[](https://kimchi.pl/tra-pol-1797-|Weganska.html)[](https://kimchi.pl/tra-pol-1798-|Bezglutenowa.html),Bez pszenicy|Kupująć ten produkt otrzymasz pkt.
review_candidate,1d859284-0386-4d9f-8a13-7f38235880f0,KIMCHI-5722,"Baza do zupy hot pot, bardzo ostra 220g - HAIDILAO",buliony,KIMCHI-5722,https://kimchi.pl/product-pol-5722.html,200,yes,no,no,,Produkt zawiera soję i pszenicę. Przechowywać w suchym i chłodnym miejscu. Po otwarciu przechowywać w lodówce.,cereals|soybeans|nuts,Przechowywać w suchym i chłodnym miejscu. Po otwarciu przechowywać w lodówce.,AMBIENT,"Olej sojowy, papryczka chili, pasta z bobu (papryka chili, bób, woda, sól, mąka pszenna), sól, imbir, czosnek, fermentowana soja, (soja, woda, sól, mąka pszenna), pieprz syczuański, alkohol, cukier, ekstrakt drożdżowy, cebula dymka, wzmacniacz smaku: E621, E635, pieprz biały, koper włoski, anyż gwiazdkowaty, cynamon, lukrecja, skórka pomarańczy, aromat.",w 100g/100ml,225,941,12,1.9,23,21,,12.5,6.5,"(w 100g/100ml)
Wartość energetyczna
941kJ/225kcal
Tłuszcze
12g
*w tym kwasy tłuszczowe nasycone
1,9g
Węglowodany
23g
*w tym cukry
21g
Białko
12,5g
Sól
6,5g",[](https://kimchi.pl/tra-pol-1796-|Wegetarianska.html)|Kupująć ten produkt otrzymasz pkt.,
