id,slug,name,category,firstSku,missingFields,countryOfOrigin,unitOfMeasure,pricePerUnit
adcd2bb3-9284-4ac4-9766-2d39c319ad86,KIMCHI-5216,"2 x Angel Hair Chocolate, zestaw czekolad z anielskim włosiem i pistacjami - biała i różowa 80g Mistachio",słodycze-przekąski,KIMCHI-5216,allergens|nutritionFacts|storageZone|unitPrice,Turcja,,
7f821fb2-729b-411d-aa9a-f34886fea0ec,KIMCHI-5215,"2 x Dubai Chocolate, zestaw czekolad dubajskich z kremem pistacjowym i ciastem kataifi - mleczna i biała 160g Q Chew",słodycze-przekąski,KIMCHI-5215,allergens|nutritionFacts|storageZone|unitPrice,Zjednoczone Emiraty Arabskie,,
4afbcbc4-fb57-4059-b114-c1853c9fc1c6,KIMCHI-5034,"Ajitsuke Menma, marynowane fermentowane pędy bambusa w plasterkach 100g - Momoya",pasty-smakowe,KIMCHI-5034,allergens|nutritionFacts|storageZone|unitPrice,Japonia,,
1e6b429d-24aa-4f7f-9c60-2c8fb969f7f4,KIMCHI-1428,"Ajitsuke Shiitake, grzyby w słodkiej zalewie 500g - Asia Kitchen",grzyby-shiitake,KIMCHI-1428,allergens|nutritionFacts|storageZone|unitPrice,Chiny,,
25a2c3c5-267e-41f7-9a00-a66d22c9407a,KIMCHI-14,"Algi nori do sushi, 6 listków - House of Asia",arkusze-nori-gim,KIMCHI-14,allergens|nutritionFacts|storageZone|unitPrice,Korea Południowa,,
9772939b-e59e-4f3f-b110-0c629561662a,KIMCHI-2761,Algi Sushi Nori Gold 50 szt. - Sen Soy,arkusze-nori-gim,KIMCHI-2761,allergens|nutritionFacts|storageZone|unitPrice,Korea Południowa,,
3c560dda-81db-4518-983b-c57dddd07b56,KIMCHI-2505,Algi Sushi Nori Premium Gold 10 szt - Asia Kitchen,arkusze-nori-gim,KIMCHI-2505,allergens|nutritionFacts|storageZone|unitPrice,Korea Południowa,,
cc9d23b3-fb57-4788-8a28-e73456484a76,KIMCHI-2506,Algi Sushi Nori Premium Gold 3 x 10 szt - Asia Kitchen,arkusze-nori-gim,KIMCHI-2506,allergens|nutritionFacts|storageZone|unitPrice,Korea Południowa,,
15562453-ea2a-486c-af9b-69f839c457e8,KIMCHI-2507,Algi Sushi Nori Premium Gold 5 x 10 szt - Asia Kitchen,arkusze-nori-gim,KIMCHI-2507,allergens|nutritionFacts|storageZone|unitPrice,Korea Południowa,,
2cafcfd0-c8e2-4a5c-8d44-a01c2b52b34d,KIMCHI-5450,Aloe 97% Soothing Gel Lotion Intensive Moisturizing 240ml - intensywnie nawilżający aloesowy balsam do ciała - Holika Holika,koreańskie-kosmetyki,KIMCHI-5450,allergens|nutritionFacts|storageZone|unitPrice,Korea Południowa,,
dd214412-72a5-48c9-a6d0-8af96e14c5c2,KIMCHI-5449,"Aloe 99% Soothing Gel 250ml - wielofunkcyjny żel aloesowy do twarzy, ciała i włosów - Holika Holika",koreańskie-kosmetyki,KIMCHI-5449,allergens|nutritionFacts|storageZone|unitPrice,Korea Południowa,,
3bf41da3-be08-4b66-aa9c-842cff3be645,KIMCHI-5452,Aloe CICA Waterproof Sunscreen SPF 50+ PA++++ Wodoodporny żel przeciwsłoneczny o działaniu kojącym i nawilżającym 100ml Holika Holika,koreańskie-kosmetyki,KIMCHI-5452,allergens|nutritionFacts|storageZone|unitPrice,Korea Południowa,,
5ad12147-8c27-425f-a503-711c2a89e59b,KIMCHI-5451,Aloe Facial Cleansing Foam Pianka do oczyszczania twarzy z ekstraktem z aloesu 150ml Holika Holika,koreańskie-kosmetyki,KIMCHI-5451,allergens|nutritionFacts|storageZone|unitPrice,Korea Południowa,,
9989a4cc-b93d-4e84-96ed-e67661426a5a,KIMCHI-5454,Aloe Soothing Jelly Mask Fresh 23ml - Aloesowa maseczka do twarzy w płachcie - Holika Holika,koreańskie-kosmetyki,KIMCHI-5454,allergens|nutritionFacts|storageZone|unitPrice,Korea Południowa,,
53d0154b-fa66-4312-b8a1-cd25fc308052,KIMCHI-5214,"Angel Hair White Chocolate, biała czekolada z pistacjami i anielskim włosiem 80g - Mistachio",słodycze-przekąski,KIMCHI-5214,allergens|nutritionFacts|storageZone|unitPrice,Turcja,,
1c4a4fb7-4e6c-418d-8f1e-250b4f2c72dd,KIMCHI-3440,"Anyż gwiaździsty, cały 50g - TRS",przyprawy-jednoskładnikowe,KIMCHI-3440,allergens|nutritionFacts|storageZone|unitPrice,Chiny,,
ae4fe4e9-04e4-4d1d-becf-ec16718eef46,KIMCHI-5463,Aqua Petit BB 30ml - lekki krem BB z ekstraktem z zielonej herbaty - Holika Holika,koreańskie-kosmetyki,KIMCHI-5463,allergens|nutritionFacts|storageZone|unitPrice,Korea Południowa,,
46403f5b-6402-4512-ad23-08e0cc2fdde0,KIMCHI-5832,Aqua Petit Jelly BB SPF20 40ml - lekki krem BB + gąbeczka - Holika Holika,koreańskie-kosmetyki,KIMCHI-5832,allergens|nutritionFacts|storageZone|unitPrice,Korea Południowa,,
762e8c58-8152-4369-aeb0-f3bf39f653b2,KIMCHI-3795,"Bancha, zielona herbata z późnego zbioru 60g - Maruka",herbaty,KIMCHI-3795,allergens|nutritionFacts|storageZone|unitPrice,Japonia,,
1d859284-0386-4d9f-8a13-7f38235880f0,KIMCHI-5722,"Baza do zupy hot pot, bardzo ostra 220g - HAIDILAO",buliony,KIMCHI-5722,allergens|nutritionFacts|storageZone|unitPrice,Chiny,,
a1174ab6-9194-4509-898d-e5d7237173bb,KIMCHI-5721,"Baza do zupy hot pot, ostra (medium hot) 220g - HAIDILAO",buliony,KIMCHI-5721,allergens|nutritionFacts|storageZone|unitPrice,Chiny,,
2430258e-f9a6-4e22-8168-903c6f9c773e,KIMCHI-5720,"Baza do zupy hot pot w kostkach, ostra 4x90g (360g) - HAIDILAO",buliony,KIMCHI-5720,allergens|nutritionFacts|storageZone|unitPrice,Chiny,,
d7190b58-a944-4fbc-a488-f56c7abd6435,KIMCHI-2004,"Baza do zupy, pasta do Hot Pot po syczuańsku 70g - Lee Kum Kee",pasty-smakowe,KIMCHI-2004,allergens|nutritionFacts|storageZone|unitPrice,Chiny,,
dda2f6bc-84b6-4ecb-afe1-e3c4d36882fd,KIMCHI-2578,"Baza do zupy Pho, łagodna 80g - Sen Soy",buliony,KIMCHI-2578,allergens|nutritionFacts|countryOfOrigin|storageZone|unitPrice,,,
c9fb3005-1b8c-440e-8390-122b1c88a26a,KIMCHI-2579,"Baza do zupy Tom Yum, łagodna 80g - Sen Soy",buliony,KIMCHI-2579,allergens|nutritionFacts|countryOfOrigin|storageZone|unitPrice,,,
8f609ee0-5dc2-437f-bee9-d5f9f80ad85e,KIMCHI-4595,"BBQ Tteokbokki, kluski ryżowe w sosie barbecue 260g - O'Food",dania-gotowe,KIMCHI-4595,allergens|nutritionFacts|storageZone|unitPrice,Korea Południowa,,
f530e430-4d1d-42d4-a1d3-d33d90b0a395,KIMCHI-4437,"Bento Squid Snack Sweet & Spicy, przekąska z kałamarnicy słodko-ostra 20g - Bento & Co",dania-gotowe,KIMCHI-4437,allergens|nutritionFacts|storageZone|unitPrice,Tajlandia,,
ef3cba79-21dc-412d-8924-144a806c4d07,KIMCHI-1136,"Bibim Men, makaron w słodko-ostrym sosie 130g - Paldo",ramyun-ramen,KIMCHI-1136,allergens|nutritionFacts|storageZone|unitPrice,Korea Południowa,,
a6531550-a24a-4368-bda9-92f9dcbaa7b5,KIMCHI-4620,Big La Tiao przekąska Hot & Spicy 106g - Wei-Long,słodycze-przekąski,KIMCHI-4620,allergens|nutritionFacts|storageZone|unitPrice,Chiny,,
e53bdf74-8b8e-491b-bc24-5e516ab28ca5,KIMCHI-5473,Big La Tiao przekąska Hot & Spicy 400g - Wei-Long,słodycze-przekąski,KIMCHI-5473,allergens|nutritionFacts|storageZone|unitPrice,Chiny,,
8342a9c4-78b5-4630-8971-4e1561af0f72,KIMCHI-4670,"Boczek smażony, chipsy snacki mięsne, skórki wieprzowe BBQ barbecue 150g - Ok Snacks",słodycze-przekąski,KIMCHI-4670,allergens|nutritionFacts|storageZone|unitPrice,Dania,,
649cc5b3-be7c-4a67-adf5-269777c9248e,KIMCHI-4669,"Boczek smażony, chipsy snacki mięsne, skórki wieprzowe solone 150g - Ok Snacks",słodycze-przekąski,KIMCHI-4669,allergens|nutritionFacts|storageZone|unitPrice,Holandia,,
1f15c031-649c-45c5-8edc-743467e16124,KIMCHI-5158,"Bombonierka Alfort Mini Chocolate Rich Kyoto Uji Matcha, czekoladki z zieloną herbatą na herbatniku (12 sztuk) 60g - Bourbon",słodycze-przekąski,KIMCHI-5158,allergens|nutritionFacts|storageZone|unitPrice,Japonia,,
1c20fb32-369f-45aa-9b0d-624e157641f5,KIMCHI-2685,"Bori-cha, herbata jęczmienna (30 x 10g) 300g - Sempio",herbaty,KIMCHI-2685,allergens|nutritionFacts|storageZone|unitPrice,Korea Południowa,,
e5381192-8a60-4ee7-b611-6e9e18b09f5d,KIMCHI-5444,Bouncing Petit BB 30 ml - rewitalizujący krem BB dla skóry dojrzałej - Holika Holika,koreańskie-kosmetyki,KIMCHI-5444,allergens|nutritionFacts|storageZone|unitPrice,Korea Południowa,,
4b46f6f4-5891-45d6-bd53-135f1f0082e8,KIMCHI-3593,"Buchim Garu, miks na koreańskie naleśniki 1kg - CJ Beksul",mąki-panierki-tapioka,KIMCHI-3593,allergens|nutritionFacts|storageZone|unitPrice,Korea Południowa,,
afb16814-879c-48ce-aa7e-d444740c35ad,KIMCHI-5783,Buldak Hot Sauce Carbonara Flavour - sos o smaku pikantnego kurczaka carbonara 165ml Samyang,ramyun-ramen,KIMCHI-5783,allergens|nutritionFacts|storageZone|unitPrice,Korea Południowa,,
764f07f9-6740-4d80-9d12-73cb6665897d,KIMCHI-5782,Buldak Hot Sauce Extremely Spicy - sos o smaku ostrego kurczaka 2xSpicy 165ml Samyang,ramyun-ramen,KIMCHI-5782,allergens|nutritionFacts|storageZone|unitPrice,Korea Południowa,,
b502c137-a3bb-45b0-b085-d09ecc420324,KIMCHI-5781,Buldak Hot Sauce Original - sos o smaku ostrego kurczaka 165ml Samyang,ramyun-ramen,KIMCHI-5781,allergens|nutritionFacts|storageZone|unitPrice,Korea Południowa,,
8c441f06-5936-4c6d-8e31-7bdf3a6bce19,KIMCHI-3154,Buldak Ramyun 2xSpicy makaron instant o smaku bombowo ostrego kurczaka 40 x 140g (cały karton) - Samyang,ramyun-ramen,KIMCHI-3154,allergens|nutritionFacts|storageZone|unitPrice,Korea Południowa,,
4ea70445-103c-46b8-8bd0-26de98664c94,KIMCHI-2640,Buldak Ramyun 2xSpicy makaron instant o smaku bombowo ostrego kurczaka 5 x 140g - Samyang,ramyun-ramen,KIMCHI-2640,allergens|nutritionFacts|storageZone|unitPrice,Korea Południowa,,
1f8b3586-a2be-46e8-a779-7675f27a2132,KIMCHI-2472,"Buldak Ramyun 2xSpicy makaron instant o smaku bombowo ostrego kurczaka, duża micha 105g - Samyang",ramyun-ramen,KIMCHI-2472,allergens|nutritionFacts|storageZone|unitPrice,Korea Południowa,,
5a2ef1e3-30f7-41f7-bd26-132fd1bc1858,KIMCHI-2151,Buldak Ramyun 2xSpicy makaron instant o smaku bombowo ostrego kurczaka w kubku 70g - Samyang,ramyun-ramen,KIMCHI-2151,allergens|nutritionFacts|storageZone|unitPrice,Korea Południowa,,
49d23995-f604-4a9c-a95a-9b90e9a8e574,KIMCHI-1350,"Buldak Ramyun 2xSpicy makaron instant o smaku ostrego kurczaka, bombowo ostry 140g - Samyang",ramyun-ramen,KIMCHI-1350,allergens|nutritionFacts|storageZone|unitPrice,Korea Południowa,,
7e51c483-944b-454c-8072-93d5b1444829,KIMCHI-4225,Buldak Ramyun Original makaron instant o smaku ogniście ostrego kurczaka w kubku 70g - Samyang,ramyun-ramen,KIMCHI-4225,allergens|nutritionFacts|storageZone|unitPrice,Korea Południowa,,
593789ad-fd34-4ff8-8d10-09e30fe54976,KIMCHI-4754,Buldak Ramyun Original makaron instant o smaku ogniście ostrego kurczaka w kubku 70g - Samyang Japan,ramyun-ramen,KIMCHI-4754,allergens|nutritionFacts|storageZone|unitPrice,Korea Południowa,,
e8edf73f-163f-4a24-b32c-6961b1fd8894,KIMCHI-1149,"Buldak Ramyun Original makaron instant o smaku ostrego kurczaka, ogniście ostry 140g - Samyang",ramyun-ramen,KIMCHI-1149,allergens|nutritionFacts|storageZone|unitPrice,Korea Południowa,,
dba6759d-9328-4528-a557-e3747a15cd1a,KIMCHI-2555,"Buldak Ramyun Original makaron instant o smaku ostrego kurczaka, ogniście ostry 5 x 140g - Samyang",ramyun-ramen,KIMCHI-2555,allergens|nutritionFacts|storageZone|unitPrice,Korea Południowa,,
27196b87-d1cc-4071-a74d-b2605652902d,KIMCHI-1001,Bulion Dashida o smaku  wołowym 1kg - CJ (Cheiljedang),buliony,KIMCHI-1001,allergens|nutritionFacts|storageZone|unitPrice,Korea Południowa,,
a36356e3-c4dd-445c-a484-dcec777db747,KIMCHI-2808,Bulion Dashida o smaku wołowym 300g - CJ (Cheiljedang),buliony,KIMCHI-2808,allergens|nutritionFacts|storageZone|unitPrice,Korea Południowa,,
847c5d9b-203b-49bd-866a-0ad9b188d79f,KIMCHI-5747,Bulion dashi w stylu koreańskim granulowany bez MSG 130g - Youki,buliony,KIMCHI-5747,allergens|nutritionFacts|storageZone|unitPrice,Japonia,,
ebf50b98-1f86-4a59-ac87-7b539e31581c,KIMCHI-5511,Bulion do zupy Ramen Miso 440ml - ITA-SAN,ramyun-ramen,KIMCHI-5511,allergens|nutritionFacts|storageZone|unitPrice,Japonia,,
121f4ca6-8d4f-4bc1-b6eb-507949e235c9,KIMCHI-5512,Bulion do zupy Ramen Shoyu 440ml - ITA-SAN,ramyun-ramen,KIMCHI-5512,allergens|nutritionFacts|storageZone|unitPrice,Niemcy,,
b6b85c6e-aafb-4b49-add3-35cd1cfd4768,KIMCHI-5513,Bulion do zupy Ramen Tonkotsu 440ml - ITA-SAN,ramyun-ramen,KIMCHI-5513,allergens|nutritionFacts|storageZone|unitPrice,Niemcy,,
cbc0def5-3404-45ce-9923-d8a8b3f34bc5,KIMCHI-4682,Bulion drobiowy w proszku 250g - Ajinomoto,buliony,KIMCHI-4682,allergens|nutritionFacts|countryOfOrigin|storageZone|unitPrice,,,
d3e83479-2ed9-4755-89b8-147e14312ab3,KIMCHI-4769,Bulion Hondashi z dodatkiem tuńczyka bonito 40g - Ajinomoto,buliony,KIMCHI-4769,allergens|nutritionFacts|storageZone|unitPrice,Japonia,,
6968ebdd-0942-43f6-b224-09e9624a77c5,KIMCHI-5545,"Bulion, koncentrat Dashi no Moto z wodorostów kombu 1kg - Shimaya",buliony,KIMCHI-5545,allergens|nutritionFacts|storageZone|unitPrice,Japonia,,
9f961137-4bb6-409e-8310-32613955ef8a,KIMCHI-5169,Bulion rybny gotowy Bonito Somi Tsuyu 500ml - Somi Food,ramyun-ramen,KIMCHI-5169,allergens|nutritionFacts|storageZone|unitPrice,Japonia,,
046fb8f8-b408-445e-9670-00f6bcd3664c,KIMCHI-5170,Bulion rybny gotowy Kyoto Wafu Dashi 500ml - Somi Food,sosy-marynaty,KIMCHI-5170,allergens|nutritionFacts|storageZone|unitPrice,Japonia,,
5ad2ec35-a27e-4c80-bc93-88fd4f247fde,KIMCHI-5171,Bulion rybny gotowy Somi Shiro Dashi 500ml - Somi Food,sosy-marynaty,KIMCHI-5171,allergens|nutritionFacts|storageZone|unitPrice,Japonia,,
fc69815e-4390-44a2-a147-0245fda1f9ae,KIMCHI-5507,Bulion z kurczaka w proszku Tori-Gara bez MSG 130g - Youki,buliony,KIMCHI-5507,allergens|nutritionFacts|storageZone|unitPrice,Japonia,,
3f69488b-ce85-4d29-8ff0-eb72eaef1aca,KIMCHI-5029,"Calpis Water, niegazowany napój mleczny 350ml - Asahi",napoje,KIMCHI-5029,allergens|nutritionFacts|storageZone|unitPrice,Japonia,,
9e260cb6-989f-4d8b-89b9-42f3ba93f179,KIMCHI-4539,"Century Eggs, stuletnie jajka kacze 6 sztuk 420g - Xu Ri",dania-gotowe,KIMCHI-4539,allergens|nutritionFacts|storageZone|unitPrice,Chiny,,
e3b3b1a0-9e2a-41d5-ae29-9a707aebc623,KIMCHI-5434,"CeraBarrier Moisture Active Cream Special Edition 50ml + 30ml - zestaw do pielęgnacji twarzy, serum w kremie i toner Holika Holika",koreańskie-kosmetyki,KIMCHI-5434,allergens|nutritionFacts|storageZone|unitPrice,Korea Południowa,,
adf57654-2c38-46e5-b785-65917f23e4ed,KIMCHI-521,"Chapagetti, makaron z sosem z czarnej fasoli, łagodny 140g - Nongshim",ramyun-ramen,KIMCHI-521,allergens|nutritionFacts|storageZone|unitPrice,Korea Południowa,,
da2d4dbb-847e-49fd-8fda-b3634b519907,KIMCHI-4076,"Chicharon Hot & Spicy, chrupki mięsne, skórki wieprzowe o smaku ostrego chili 50g - Pinoy Kitchen",słodycze-przekąski,KIMCHI-4076,allergens|nutritionFacts|storageZone|unitPrice,Holandia,,
dfd872ad-369a-4335-a3ba-1463be314045,KIMCHI-4077,"Chicharon Salt & Vinegar, chrupki mięsne, skórki wieprzowe o smaku soli i octu 50g - Pinoy Kitchen",słodycze-przekąski,KIMCHI-4077,allergens|nutritionFacts|storageZone|unitPrice,Holandia,,
ad874371-a09b-4e56-ae30-187509431640,KIMCHI-935,Chińskie ciasteczka z wróżbą 100 szt. - Janeco,słodycze-przekąski,KIMCHI-935,allergens|nutritionFacts|storageZone|unitPrice,Unia Europejska,,
e54c23bb-88bb-4e22-a45b-fc1f1a484aa3,KIMCHI-1068,Chińskie ciasteczka z wróżbą 280 szt. - Janeco,słodycze-przekąski,KIMCHI-1068,allergens|nutritionFacts|storageZone|unitPrice,Unia Europejska,,
4c56552f-1b3a-4ae1-8f8f-f869b2b5bc5d,KIMCHI-934,Chińskie ciasteczka z wróżbą 50 szt. - Janeco,słodycze-przekąski,KIMCHI-934,allergens|nutritionFacts|storageZone|unitPrice,Unia Europejska,,
33fcf42b-de20-4875-9f22-a1dfc8098d58,KIMCHI-2162,"Chińskie wodne kasztany, całe 567g - Spring Happiness",owoce-marynowane-warzywa,KIMCHI-2162,allergens|nutritionFacts|storageZone|unitPrice,Chiny,,
fd02698d-df76-435a-b64f-53a1522379e2,KIMCHI-2617,"Chiński nóż szefa kuchni, tasak 32,5 cm – do mięsa i warzyw - Xiao Tian Zi",noże,KIMCHI-2617,ingredients|allergens|nutritionFacts|storageZone|unitPrice,Chiny,,
f443cf4b-3cdb-4eda-ad75-dd0000b7b577,KIMCHI-5527,Chipsy Caribbean Spiced Chicken 100g - Pringles,słodycze-przekąski,KIMCHI-5527,allergens|nutritionFacts|storageZone|unitPrice,Korea Południowa,,
8d103eb5-f028-4edc-8be6-48ff6f09a85a,KIMCHI-1416,"Chipsy Hi Tempura, algi nori w tempurze 40g - Tao Kae Noi",słodycze-przekąski,KIMCHI-1416,allergens|nutritionFacts|storageZone|unitPrice,Tajlandia,,
b12ece9b-54ef-496e-ae41-a3baf5a56043,KIMCHI-5453,"Chipsy Hi Tempura, algi nori w tempurze chili & lime 40g - Tao Kae Noi",słodycze-przekąski,KIMCHI-5453,allergens|nutritionFacts|storageZone|unitPrice,Tajlandia,,
374845b2-ac39-4b57-b23e-d023e04eee64,KIMCHI-5352,"Chipsy Hi Tempura, algi nori w tempurze Mushroom & Black Pepper 40g - Tao Kae Noi",słodycze-przekąski,KIMCHI-5352,allergens|nutritionFacts|storageZone|unitPrice,Tajlandia,,
698de9aa-3de7-4660-b3a5-53a49eafb878,KIMCHI-1448,"Chipsy Hi Tempura, algi nori w tempurze, pikantne 40g - Tao Kae Noi",słodycze-przekąski,KIMCHI-1448,allergens|nutritionFacts|storageZone|unitPrice,Tajlandia,,
041fb6bb-cde0-4865-bece-05d5f1b9210b,KIMCHI-5351,"Chipsy Hi Tempura, algi nori w tempurze Smoked BBQ 40g - Tao Kae Noi",słodycze-przekąski,KIMCHI-5351,allergens|nutritionFacts|storageZone|unitPrice,Tajlandia,,
2331d444-10a0-41b9-85e6-44e545045607,KIMCHI-5503,Chipsy Hotate Shio smak soli i przegrzebków 53g - Calbee,słodycze-przekąski,KIMCHI-5503,allergens|nutritionFacts|storageZone|unitPrice,Japonia,,
fc20f5df-396a-496b-99fd-94a4c344024f,KIMCHI-5039,Chipsy Kansai Dashi-Shoyu smak sosu sojowego i pasty dashi 53g - Calbee,słodycze-przekąski,KIMCHI-5039,allergens|nutritionFacts|storageZone|unitPrice,Japonia,,
f6946fa3-78c8-492c-a1ba-bfe1ede75e60,KIMCHI-554,Chipsy Kimnori z alg morskich 40g - Kimnori,słodycze-przekąski,KIMCHI-554,allergens|nutritionFacts|storageZone|unitPrice,Korea Południowa,,
399a4a67-8e13-4881-bd9a-9a0542373382,KIMCHI-238,Chipsy krewetkowe 75g - Nongshim,słodycze-przekąski,KIMCHI-238,allergens|nutritionFacts|storageZone|unitPrice,Korea Południowa,,
597531c0-d89f-446a-9733-e47f8e158ed9,KIMCHI-443,"Chipsy krewetkowe, pikantne 75g - Nongshim",słodycze-przekąski,KIMCHI-443,allergens|nutritionFacts|storageZone|unitPrice,Korea Południowa,,
3268426b-e6ca-4f9f-80fa-0f68eafd1899,KIMCHI-3808,"Chipsy krewetkowe, prażynki do smażenia 1kg - Sa Giang",słodycze-przekąski,KIMCHI-3808,allergens|nutritionFacts|storageZone|unitPrice,Wietnam,,
3fa8fd20-ee58-41e5-b62b-ee883157a846,KIMCHI-3949,Chipsy krewetkowe Sriracha Original 80g - Flying Goose,słodycze-przekąski,KIMCHI-3949,allergens|nutritionFacts|storageZone|unitPrice,Holandia,,
3300fb89-6b7e-48d9-8a88-5c8e5bed3075,KIMCHI-4832,Chipsy Mexican Chicken Tomato Flavor o smaku kurczaka i pomidorów 70g - Lay's,słodycze-przekąski,KIMCHI-4832,allergens|nutritionFacts|storageZone|unitPrice,Chiny,,
4b8682a1-d776-4db3-814a-6c91f0000250,KIMCHI-5013,Chipsy Minecraft Spicy TNT pikantne 158g - Pringles,słodycze-przekąski,KIMCHI-5013,allergens|nutritionFacts|storageZone|unitPrice,USA,,
4ed353c4-fc08-4d79-8f1a-ba538c26701f,KIMCHI-4579,"Chipsy Nori Kimchi 18 szt x 4,5g - Sen Soy",słodycze-przekąski,KIMCHI-4579,allergens|nutritionFacts|storageZone|unitPrice,Korea Południowa,,
7bce1ed3-a9c9-4c89-8798-a881caf1d6ac,KIMCHI-2586,"Chipsy Nori Kimchi 4,5g - Sen Soy",słodycze-przekąski,KIMCHI-2586,allergens|nutritionFacts|storageZone|unitPrice,Korea Południowa,,
934f25f6-b4f8-4953-a74a-f6d7879a1ea2,KIMCHI-5433,"Chipsy Nori Olive Oil 24 szt x 4,5g - Sen Soy",słodycze-przekąski,KIMCHI-5433,allergens|nutritionFacts|storageZone|unitPrice,Korea Południowa,,
c1ae1962-12b1-49e8-9056-3d4d29ad3ed1,KIMCHI-5432,"Chipsy Nori Olive Oil 4,5g - Sen Soy",słodycze-przekąski,KIMCHI-5432,allergens|nutritionFacts|storageZone|unitPrice,Korea Południowa,,
7f6f0135-8699-44f0-a17a-6e7d24e15c37,KIMCHI-4581,"Chipsy Nori Original z solą 18 szt x 4,5g - Sen Soy",słodycze-przekąski,KIMCHI-4581,allergens|nutritionFacts|storageZone|unitPrice,Korea Południowa,,
3846c4e9-4736-4d4b-84ab-dcc51e520e93,KIMCHI-2613,"Chipsy Nori Original z solą 4,5g - Sen Soy",słodycze-przekąski,KIMCHI-2613,allergens|nutritionFacts|storageZone|unitPrice,Korea Południowa,,
33b58696-065a-49c6-9b20-f35cec0c8cb4,KIMCHI-4582,"Chipsy Nori Original z solą 60 szt x 2,5g - Sen Soy",słodycze-przekąski,KIMCHI-4582,allergens|nutritionFacts|storageZone|unitPrice,Korea Południowa,,
14c14de4-1e67-4ed0-925a-53bb64d5aa9c,KIMCHI-4580,"Chipsy Nori Teriyaki 18 szt x 4,5g - Sen Soy",słodycze-przekąski,KIMCHI-4580,allergens|nutritionFacts|storageZone|unitPrice,Korea Południowa,,
21a03eae-439a-4983-99ac-e4af117cad8b,KIMCHI-2587,"Chipsy Nori Teriyaki 4,5g - Sen Soy",słodycze-przekąski,KIMCHI-2587,allergens|nutritionFacts|storageZone|unitPrice,Korea Południowa,,
179e1a2e-6edd-44b1-b37b-5ffc097357ae,KIMCHI-4578,"Chipsy Nori Wasabi 18 szt x 4,5g - Sen Soy",słodycze-przekąski,KIMCHI-4578,allergens|nutritionFacts|storageZone|unitPrice,Korea Południowa,,
7eff19f6-4ff1-49ac-b715-1d0141c8ce4d,KIMCHI-2585,"Chipsy Nori Wasabi 4,5g - Sen Soy",słodycze-przekąski,KIMCHI-2585,allergens|nutritionFacts|storageZone|unitPrice,Korea Południowa,,
4f53b694-a76f-4d3d-a254-c9b393bfa805,KIMCHI-4828,Chipsy Numb & Spicy Hot Pot Flavor o smaku pikantnego hot pota 70g - Lay's,słodycze-przekąski,KIMCHI-4828,allergens|nutritionFacts|storageZone|unitPrice,Chiny,,
0e1aea00-8cc0-4702-9b19-1300dcb76f53,KIMCHI-5217,Chipsy Octopus and Wasabi o smaku ośmiornicy z wasabi 70g - Lay's,słodycze-przekąski,KIMCHI-5217,allergens|nutritionFacts|storageZone|unitPrice,Chiny,,
135847f9-8b49-4862-a59c-df3ed34a8a16,KIMCHI-4523,"Chipsy, prażynki czosnkowe do smażenia Krupuk Bawang Fancy 250g - Finna",słodycze-przekąski,KIMCHI-4523,allergens|nutritionFacts|storageZone|unitPrice,Indonezja,,
ec3c4fde-f87d-44d2-8baf-bcc96206fb57,KIMCHI-4542,"Chipsy, prażynki krewetkowe do smażenia 3x2cm Krupuk Udang Sidoarjo 250g - Finna",słodycze-przekąski,KIMCHI-4542,allergens|nutritionFacts|storageZone|unitPrice,Indonezja,,
92bbdc3f-d6f8-40f3-a7b6-40debdec9e24,KIMCHI-4543,"Chipsy, prażynki krewetkowe do smażenia 6x4cm Krupuk Udang Sidoarjo 250g - Finna",słodycze-przekąski,KIMCHI-4543,allergens|nutritionFacts|storageZone|unitPrice,Indonezja,,
bea93ce4-5762-4134-b43b-f1359d3cf47f,KIMCHI-5040,Chipsy Shiawase Honey & Butter smak miodowo-maślany 55g - Calbee,słodycze-przekąski,KIMCHI-5040,allergens|nutritionFacts|storageZone|unitPrice,Japonia,,
032ec91b-9918-45a9-b3a8-e87f363fc65b,KIMCHI-4930,Chipsy Smokey BBQ Lovers Pizza 102g - Pringles,słodycze-przekąski,KIMCHI-4930,allergens|nutritionFacts|storageZone|unitPrice,Korea Południowa,,
73c8cdc8-e49c-4a66-8cfb-88aa4cb66d2b,KIMCHI-5525,Chipsy Spicy Rose Tteokbokki 100g - Pringles,słodycze-przekąski,KIMCHI-5525,allergens|nutritionFacts|storageZone|unitPrice,Korea Południowa,,
4a1c0805-3cee-4c49-bab8-898e563f9f6d,KIMCHI-5526,Chipsy Sweet N' Spicy Korean Fried Chicken 100g - Pringles,słodycze-przekąski,KIMCHI-5526,allergens|nutritionFacts|storageZone|unitPrice,Korea Południowa,,
efc1d6c3-bd57-4201-8fb3-3beec529adc0,KIMCHI-5528,Chipsy Sweet Onion smak słodkiej cebulki 100g - Pringles,słodycze-przekąski,KIMCHI-5528,allergens|nutritionFacts|storageZone|unitPrice,Korea Południowa,,
63f4416d-cf15-40e9-a91f-cb439383bd9b,KIMCHI-4830,Chipsy Texas Grilled BBQ Flavor o smaku teksańskiego barbecue 70g - Lay's,słodycze-przekąski,KIMCHI-4830,allergens|nutritionFacts|storageZone|unitPrice,Chiny,,
db4ec59b-6789-49a5-9847-2f46ff7cce98,KIMCHI-4834,Chipsy Wave Grilled Squid Flavor o smaku grillowanej kałamarnicy 70g - Lay's,słodycze-przekąski,KIMCHI-4834,allergens|nutritionFacts|storageZone|unitPrice,Chiny,,
7ab87793-ed37-42cc-9781-aaccdf045be6,KIMCHI-4833,Chipsy Wave Roasted Chicken Wing Flavor o smaku pieczonego kurczaka 70g - Lay's,słodycze-przekąski,KIMCHI-4833,allergens|nutritionFacts|storageZone|unitPrice,Chiny,,
067afb73-0867-4325-a6eb-b25c4466357f,KIMCHI-4835,Chipsy Wave Roasted Meat Flavor o smaku pieczonego mięsa 70g - Lay's,słodycze-przekąski,KIMCHI-4835,allergens|nutritionFacts|storageZone|unitPrice,Chiny,,
f5d8156b-3162-463e-a5a2-84266234deb3,KIMCHI-414,Chipsy z alg morskich o smaku chili 50g - SEMPIO,słodycze-przekąski,KIMCHI-414,allergens|nutritionFacts|storageZone|unitPrice,Korea Południowa,,
c71319d6-ee7e-4c9a-a0d9-405b5a88f2aa,KIMCHI-415,Chipsy z alg morskich z sezamem 50g - SEMPIO,słodycze-przekąski,KIMCHI-415,allergens|nutritionFacts|storageZone|unitPrice,Korea Południowa,,
b24409ce-8c4f-486b-b939-4674d05d8b58,KIMCHI-4531,Chipsy ziemniaczane Chili Spicy Crayfish o smaku raka 104g - Lay's,słodycze-przekąski,KIMCHI-4531,allergens|nutritionFacts|storageZone|unitPrice,Chiny,,
bc23f375-a9fa-44b6-a192-dd00218b84a9,KIMCHI-4454,Chipsy ziemniaczane Hot And Sour Lemon Braised Chicken Feet 70g - Lays,słodycze-przekąski,KIMCHI-4454,allergens|nutritionFacts|storageZone|unitPrice,Chiny,,
16009311-d2e5-41f5-b2db-be5a5a1dc372,KIMCHI-4452,Chipsy ziemniaczane Hot And Spicy Braised Duck Tongue Flavor 70g - Lays,słodycze-przekąski,KIMCHI-4452,allergens|nutritionFacts|storageZone|unitPrice,Chiny,,
683b2387-c5dd-4679-bea6-f657255c1bb7,KIMCHI-5732,Chipsy ziemniaczane karbowane o smaku kimchi 70g - Orion,słodycze-przekąski,KIMCHI-5732,allergens|nutritionFacts|storageZone|unitPrice,Chiny,,
ed6a2654-3f79-4f0d-b9b2-01189e5005c6,KIMCHI-5478,Chipsy ziemniaczane Korean Kimchi Flavor o smaku pikantego kimchi 70g - Lay's,słodycze-przekąski,KIMCHI-5478,allergens|nutritionFacts|storageZone|unitPrice,Chiny,,
dad63ccf-4a4c-4e8e-8233-c7beab282333,KIMCHI-4831,Chipsy ziemniaczane Lime Flavor o smaku limonki 70g - Lay's,słodycze-przekąski,KIMCHI-4831,allergens|nutritionFacts|storageZone|unitPrice,Chiny,,
b11ef08d-b656-4d60-b615-8f6f67bc7948,KIMCHI-2840,Chipsy ziemniaczane Potechi Teriyaki 100g - Koikeya,słodycze-przekąski,KIMCHI-2840,allergens|nutritionFacts|countryOfOrigin|storageZone|unitPrice,,,
752044e6-12b7-43de-a95f-5c871c4c9eaa,KIMCHI-2841,Chipsy ziemniaczane Potechi Umeboshi 100g - Koikeya,słodycze-przekąski,KIMCHI-2841,allergens|nutritionFacts|countryOfOrigin|storageZone|unitPrice,,,
22771774-0901-4e2c-919c-1c7c9b8a028e,KIMCHI-2839,Chipsy ziemniaczane Potechi Wasabi Nori 100g - Koikeya,słodycze-przekąski,KIMCHI-2839,allergens|nutritionFacts|countryOfOrigin|storageZone|unitPrice,,,
a8888cf1-3b31-412e-adbb-2eece9b280ef,KIMCHI-4799,Chipsy ziemniaczane Sichuan Pepper Crispy Pork Flavour o smaku syczuańskiego pieprzu i wieprzowiny 70g - Lay's,słodycze-przekąski,KIMCHI-4799,allergens|nutritionFacts|storageZone|unitPrice,Chiny,,
08102ef2-0926-4e89-8d5d-d8685f5eb390,KIMCHI-4453,Chipsy ziemniaczane Spiced Braised Beef Flavor Five Spice 70g - Lays,słodycze-przekąski,KIMCHI-4453,allergens|nutritionFacts|storageZone|unitPrice,Chiny,,
1049e910-7312-4c6c-879f-e4f64a29897a,KIMCHI-4776,Chipsy ziemniaczane Sweet Spicy Fried Chicken Flavour 70g - Lays,słodycze-przekąski,KIMCHI-4776,allergens|nutritionFacts|storageZone|unitPrice,Chiny,,
b1544e1f-66f9-4e0b-b008-aba949393e38,KIMCHI-494,Chipsy z jackfruita (dżakfruta) 100g - Vinamit,słodycze-przekąski,KIMCHI-494,allergens|nutritionFacts|storageZone|unitPrice,Wietnam,,
7be9060a-4b47-4c70-824f-8fc1bfa0c8c8,KIMCHI-2131,"Chipsy z wodorostów, chrupiące nori 32g - Tao Kae Noi",słodycze-przekąski,KIMCHI-2131,allergens|nutritionFacts|storageZone|unitPrice,Tajlandia,,
b7a549af-8c85-4fc1-a40d-066da3520531,KIMCHI-5353,"Chipsy z wodorostów, chrupiące nori Jajangmyeon 32g - Tao Kae Noi",słodycze-przekąski,KIMCHI-5353,allergens|nutritionFacts|storageZone|unitPrice,Tajlandia,,
9f614705-dc45-4601-bff4-d82686bafa20,KIMCHI-2516,"Chipsy z wodorostów, chrupiące nori na ostro 32g - Tao Kae Noi",słodycze-przekąski,KIMCHI-2516,allergens|nutritionFacts|storageZone|unitPrice,Tajlandia,,
13cbdc97-4288-4e97-8264-18ee3d26d3dc,KIMCHI-3753,"Choco Pie Banana, całe pudełko (12 x 28g) - Lotte",słodycze-przekąski,KIMCHI-3753,allergens|nutritionFacts|storageZone|unitPrice,Korea Południowa,,
57a14bee-ad72-4ecf-81ab-a6163618f2c3,KIMCHI-3941,"Choco Pie Black Sugar Milk Tea, całe pudełko (12 x 28g) - Lotte",słodycze-przekąski,KIMCHI-3941,allergens|nutritionFacts|storageZone|unitPrice,Korea Południowa,,
8e8f2431-8713-4fee-8451-29e7dfa25152,KIMCHI-3746,"Choco Pie Cacao, całe pudełko (12 x 28g) - Lotte",słodycze-przekąski,KIMCHI-3746,allergens|nutritionFacts|storageZone|unitPrice,Korea Południowa,,
c280f8ce-0568-4432-8be6-3a9a4050b579,KIMCHI-1439,"Choco Pie, ciastka biszkoptowe z pianką, pudełko (12 szt. x 28g) - Lotte",słodycze-przekąski,KIMCHI-1439,allergens|nutritionFacts|countryOfOrigin|storageZone|unitPrice,,,
8d1630fa-2e2e-4571-bc78-f607a456b70d,KIMCHI-3751,"Choco Pie Green Tea, całe pudełko (12 x 28g) - Lotte",słodycze-przekąski,KIMCHI-3751,allergens|nutritionFacts|storageZone|unitPrice,Korea Południowa,,
110ea6a2-dfd9-4e76-a6c9-0f132cccdab9,KIMCHI-5716,Chrupiące chili w oleju sojowym 190g - Go-Tan,oleje,KIMCHI-5716,allergens|nutritionFacts|storageZone|unitPrice,Holandia,,
d312029a-2968-481f-b688-4f36e8785718,KIMCHI-2614,Chrupiące chili w oleju sojowym 210g - Lao Gan Ma,sosy-marynaty,KIMCHI-2614,allergens|nutritionFacts|storageZone|unitPrice,Chiny,,
3ff2f5ff-f696-410f-921f-fb452a30b377,KIMCHI-5115,Chrupiące chili w oleju sojowym 327g - Chuannan,sosy-marynaty,KIMCHI-5115,allergens|nutritionFacts|storageZone|unitPrice,Chiny,,
e721ad3d-365c-4645-b8c2-999f7d17665d,KIMCHI-5122,Chrupiące chili w oleju sojowym 670g - Lao Gan Ma,sosy-marynaty,KIMCHI-5122,allergens|nutritionFacts|storageZone|unitPrice,Chiny,,
0b5e28fb-813c-4ff3-86d0-fcccf532d403,KIMCHI-3860,Chrupiące chili z orzechami w oleju sojowym 275g - Lao Gan Ma,sosy-marynaty-oleje,KIMCHI-3860,allergens|nutritionFacts|storageZone|unitPrice,Chiny,,
10ca250c-374a-465e-99a1-aa8469f9c834,KIMCHI-4768,Chrupki Devil Jolokia Mega Hot bardzo pikantne 40g - Tohato,słodycze-przekąski,KIMCHI-4768,allergens|nutritionFacts|storageZone|unitPrice,Japonia,,
56797b26-b976-4a21-80f8-525edd4a73c6,KIMCHI-4190,"Chrupki Karamucho Hot Chilli, pikantne 65g - Koikeya",słodycze-przekąski,KIMCHI-4190,allergens|nutritionFacts|countryOfOrigin|storageZone|unitPrice,,,
b938d798-4baa-47cf-b3b1-38580f606f9e,KIMCHI-3077,Chrupki pszenne z batatami 55g - Nongshim,słodycze-przekąski,KIMCHI-3077,allergens|nutritionFacts|storageZone|unitPrice,Korea Południowa,,
9081adad-5d7e-4e52-a3f1-39590e38db8b,KIMCHI-5425,Chrupki ziemniaczane japońskie Ami-Jaga Nori-Shio smak nori 55g - Tohato,słodycze-przekąski,KIMCHI-5425,allergens|nutritionFacts|storageZone|unitPrice,Japonia,,
ac4cff86-3e27-4e03-ae23-52ada84301f5,KIMCHI-4043,"Chrupki Zzaldduk o smaku ostrego kurczaka Buldak 2xSpicy, ostre 80g - Samyang",słodycze-przekąski,KIMCHI-4043,allergens|nutritionFacts|storageZone|unitPrice,Korea Południowa,,
887d752a-8544-468f-a69d-50b433e47938,KIMCHI-2692,"Chrupki Zzaldduk o smaku ostrego kurczaka Buldak, lekko ostre 120g - Samyang",słodycze-przekąski,KIMCHI-2692,allergens|nutritionFacts|storageZone|unitPrice,Korea Południowa,,
8c327c65-2436-4b3f-9a1b-3776ea55486e,KIMCHI-5025,Chrzan wasabi w proszku 1kg - House Foods,wasabi,KIMCHI-5025,allergens|nutritionFacts|storageZone|unitPrice,Chiny,,
b8ab7c3a-fbf6-4138-b53b-91401309982b,KIMCHI-796,Chrzan wasabi w proszku S&B puszka 30g,wasabi,KIMCHI-796,allergens|nutritionFacts|storageZone|unitPrice,Japonia,,
7a1aa2da-ec14-482d-a8db-810a4a113569,KIMCHI-4380,"Ciasteczka Blueberry Ice Cream 119,6g - Oreo",słodycze-przekąski,KIMCHI-4380,allergens|nutritionFacts|storageZone|unitPrice,Indonezja,,
21907915-fb23-4902-95ee-0a36a4115fd5,KIMCHI-3290,Ciasteczka Crown Sando z kremem truskawkowym 161g - Crown,słodycze-przekąski,KIMCHI-3290,allergens|nutritionFacts|storageZone|unitPrice,Korea Południowa,,
466abbd1-e16c-474f-bcda-75a48d1710eb,KIMCHI-4811,"Ciasteczka Kinoko No Yama, herbatnikowe grzybki z czekoladowymi kapeluszami 74g - Meiji",słodycze-przekąski,KIMCHI-4811,allergens|nutritionFacts|storageZone|unitPrice,Chiny,,
29d2741c-88a0-41a9-a34e-2c79e25ac151,KIMCHI-4383,Ciasteczka Matcha Ice Cream 97g - Oreo,słodycze-przekąski,KIMCHI-4383,allergens|nutritionFacts|storageZone|unitPrice,Chiny,,
513cd720-ef14-4bad-bf0a-6446b3fe3326,KIMCHI-4384,"Ciasteczka Red Velvet 119,6g - Oreo",słodycze-przekąski,KIMCHI-4384,allergens|nutritionFacts|storageZone|unitPrice,Indonezja,,
a8a7c088-5b8b-4b50-9a2b-8c88794a8214,KIMCHI-5284,Ciasteczka Squid Game spicy potato biscuits Dalgona Challenge 80g Haitai - Netlfix,słodycze-przekąski,KIMCHI-5284,allergens|nutritionFacts|storageZone|unitPrice,Korea Południowa,,
4db61b75-76ac-4da5-b84d-784b2c32a5c6,KIMCHI-4385,"Ciasteczka Strawberry Creme 119,6g - Oreo",słodycze-przekąski,KIMCHI-4385,allergens|nutritionFacts|storageZone|unitPrice,Indonezja,,
852e15a6-4e62-4aa6-b3c0-7ed5fbe329df,KIMCHI-5600,Ciasto Kataifi Kadayif prażone do dubajskiej czekolady viral 1kg - Gazioglu,słodycze-przekąski,KIMCHI-5600,allergens|nutritionFacts|storageZone|unitPrice,Turcja,,
ecf0ed94-d37c-4807-8001-0cce6b954f11,KIMCHI-5460,Clearing Petit BB 30ml - lekki krem BB - Holika Holika,koreańskie-kosmetyki,KIMCHI-5460,allergens|nutritionFacts|storageZone|unitPrice,Korea Południowa,,
95b61de9-7bf2-4fbc-b188-2252d35bd724,KIMCHI-5435,Cotton Bebe Perfumed Hand Cream 30ml - nawilżający krem do rąk o zapachu bawełny - Holika Holika,koreańskie-kosmetyki,KIMCHI-5435,allergens|nutritionFacts|storageZone|unitPrice,Korea Południowa,,
f4344cfa-b25f-4a25-b909-251c80184315,KIMCHI-5285,"Crispy Korean Fried Chicken Mix, panierka do koreańskiego kurczaka KFC z przyprawami 500g - Delief",mąki-panierki-tapioka,KIMCHI-5285,allergens|nutritionFacts|storageZone|unitPrice,Korea Południowa,,
79557652-5845-4e6a-85d3-9f2689465f97,KIMCHI-3057,"Cukier brązowy ciemny, nierafinowany 1kg - CJ Beksul",słodycze-przekąski,KIMCHI-3057,allergens|nutritionFacts|storageZone|unitPrice,Korea Południowa,,
b2d0e33e-9e85-41e5-9d64-33949cd1994a,KIMCHI-5114,"Cukierki, draże Duo Melon Soda & Vanilla Ice Crem smak lodów i melona 45g - Mentos",słodycze-przekąski,KIMCHI-5114,allergens|nutritionFacts|storageZone|unitPrice,Japonia,,
e39a7688-e83d-4818-ba40-7e1776c58ddb,KIMCHI-4575,"Cukierki, draże Grape Soda 2in1 winogronowe 45g - Mentos",słodycze-przekąski,KIMCHI-4575,allergens|nutritionFacts|storageZone|unitPrice,Korea Południowa,,
885c02f4-b137-4c96-9d66-2e72a0e4e3c5,KIMCHI-4137,Cukierki imbirowe Ginger Honey Lemon z cytryną i miodem 125g - Gingerbon,słodycze-przekąski,KIMCHI-4137,allergens|nutritionFacts|storageZone|unitPrice,Indonezja,,
90276835-c953-4dc2-969b-46bf2a95e068,KIMCHI-4672,Cukierki imbirowe Ginger Honey Lemon z cytryną i miodem 620g - Gingerbon,słodycze-przekąski,KIMCHI-4672,allergens|nutritionFacts|storageZone|unitPrice,Indonezja,,
0245b2a9-e9ac-46c2-a791-17c9eae7af0a,KIMCHI-4136,Cukierki imbirowe Original Ginger 125g - Gingerbon,słodycze-przekąski,KIMCHI-4136,allergens|nutritionFacts|storageZone|unitPrice,Indonezja,,
ea1ed775-5af8-46d2-b59e-0fd5da2c3a4e,KIMCHI-5081,Cukierki imbirowe Original Ginger 620g - Gingerbon,słodycze-przekąski,KIMCHI-5081,allergens|nutritionFacts|storageZone|unitPrice,Indonezja,,
2ef33ff2-1434-44aa-88c2-235ae8e86f7b,KIMCHI-5404,Cukierki japońskie gwiazdki Konpeito Sugar Drops 85g - Kasugai,słodycze-przekąski,KIMCHI-5404,allergens|nutritionFacts|storageZone|unitPrice,Japonia,,
639d3d4d-2e17-40b8-bf7c-d4015ac315dd,KIMCHI-3864,Cukierki kawowe Cappuccino 120g - Kopiko,słodycze-przekąski,KIMCHI-3864,allergens|nutritionFacts|storageZone|unitPrice,Indonezja,,
6351bba8-351d-4d96-a15c-f9322405ca0b,KIMCHI-3785,Cukierki kawowe Original 120g - Kopiko,słodycze-przekąski,KIMCHI-3785,allergens|nutritionFacts|storageZone|unitPrice,Indonezja,,
1c5d53d8-29a8-4643-9046-368582827fe7,KIMCHI-3710,Cukierki kawowe Original 175g - Kopiko,słodycze-przekąski,KIMCHI-3710,allergens|nutritionFacts|storageZone|unitPrice,Tajlandia,,
70903e6d-87ba-4bb6-945f-fc4c6d5fa1b6,KIMCHI-5316,Cukierki matcha latte Milk Candy 58g - Sakuma,słodycze-przekąski,KIMCHI-5316,allergens|nutritionFacts|storageZone|unitPrice,Japonia,,
123cf85c-7875-4534-8cbd-d81bef6d8161,KIMCHI-4683,Cukierki mleczne 180g - White Rabbit,słodycze-przekąski,KIMCHI-4683,allergens|nutritionFacts|storageZone|unitPrice,Chiny,,
91ae1bf9-88ff-42c1-a525-7c53e2a73ffb,KIMCHI-5368,Cukierki mleczne 200g - White Rabbit,słodycze-przekąski,KIMCHI-5368,allergens|nutritionFacts|storageZone|unitPrice,Chiny,,
796aa133-ca2a-4006-a260-3d7657f3a834,KIMCHI-5202,Cukierki mleczne Creamy Matcha 150g - White Rabbit,słodycze-przekąski,KIMCHI-5202,allergens|nutritionFacts|storageZone|unitPrice,Chiny,,
a8975f51-b4fc-4041-87d6-daf5da1f5aa6,KIMCHI-5201,Cukierki mleczne o smaku czerwonej fasoli Red Bean 200g - White Rabbit,słodycze-przekąski,KIMCHI-5201,allergens|nutritionFacts|storageZone|unitPrice,Chiny,,
63be436c-a634-4c13-8dd4-b37f0ebc234d,KIMCHI-5484,Cukierki mleczno-kakaowe 180g - White Rabbit,słodycze-przekąski,KIMCHI-5484,allergens|nutritionFacts|storageZone|unitPrice,Chiny,,
9ab7f3e9-d997-4dfe-a7ad-a74e61f4a056,KIMCHI-3711,Cukierki mleczno-kawowe Cappuccino 175g - Kopiko,słodycze-przekąski,KIMCHI-3711,allergens|nutritionFacts|storageZone|unitPrice,Tajlandia,,
cbf00bfd-45fc-4c37-8ef1-fd251de89bc6,KIMCHI-5111,Cukierki o smaku lychee 115g - Kasugai,słodycze-przekąski,KIMCHI-5111,allergens|nutritionFacts|storageZone|unitPrice,Japonia,,
a74523cc-18a3-4620-908b-96c83234255c,KIMCHI-2778,Cukierki śliwkowe 130g - Haitai,słodycze-przekąski,KIMCHI-2778,allergens|nutritionFacts|storageZone|unitPrice,Korea Południowa,,
90c8f02e-657d-42a2-b8a1-ff8808aba050,KIMCHI-2312,Cukierki winogronowe (12% soku owocowego) 153g - Lotte,słodycze-przekąski,KIMCHI-2312,allergens|nutritionFacts|storageZone|unitPrice,Korea Południowa,,
46d04bff-5803-4e00-9589-e54e8a877598,KIMCHI-5814,Cukierki z 100% miodu Honey candy 51g - Senjaku,słodycze-przekąski,KIMCHI-5814,allergens|nutritionFacts|storageZone|unitPrice,Japonia,,
969ff1a9-8264-4591-a408-5470002168b9,KIMCHI-4301,Cukierki z czarnego i czerwonego żeń-szenia GeumSan 270g - Hongsamin,słodycze-przekąski,KIMCHI-4301,allergens|nutritionFacts|storageZone|unitPrice,Korea Południowa,,
d66f500b-5f1e-40a2-acfe-e9f8d534ee17,KIMCHI-5474,Cukierki z czerwonego żeń-szenia GeumSan 200g - Hongsamin,słodycze-przekąski,KIMCHI-5474,allergens|nutritionFacts|storageZone|unitPrice,Korea Południowa,,
2b1359cc-4b11-4b38-9fae-9430b59ead2d,KIMCHI-5815,Cukierki z miodu i imbiru Honey & Ginger candy 51g - Senjaku,słodycze-przekąski,KIMCHI-5815,allergens|nutritionFacts|storageZone|unitPrice,Japonia,,
dbe24f08-3af2-46c0-8e87-465b0aee0af1,KIMCHI-5317,Cukierki z miodu i yuzu Honey & Yuzu 51g - Senjaku,słodycze-przekąski,KIMCHI-5317,allergens|nutritionFacts|storageZone|unitPrice,Japonia,,
768b2f6d-f60e-422b-a05e-01d8eea76649,KIMCHI-361,"Cukier palmowy, bryłki 454g - Cock Brand",przyprawy-jednoskładnikowe,KIMCHI-361,allergens|nutritionFacts|storageZone|unitPrice,Tajlandia,,
82fcfec8-7718-4f86-893b-33c47a1374c5,KIMCHI-5324,Cukier palmowy Gula Djawa Cylinder 250g - Lucullus,przyprawy,KIMCHI-5324,allergens|nutritionFacts|storageZone|unitPrice,Indonezja,,
37cb4889-7866-4144-a0d7-0510e3d1dbb3,KIMCHI-5325,Cukier palmowy Gula Djawa Slice 250g - Lucullus,przyprawy,KIMCHI-5325,allergens|nutritionFacts|storageZone|unitPrice,Indonezja,,
f588dea3-e54b-4fc8-b2f9-56ca33933098,KIMCHI-343,Cukier trzcinowy (brązowy) nierafinowany 500g - Mauritus Golden Cane,przyprawy-jednoskładnikowe,KIMCHI-343,allergens|nutritionFacts|storageZone|unitPrice,Mauritius,,
35ed2182-1106-4b76-b2b6-07a250bf03c2,KIMCHI-3266,"Cukier trzcinowy jaggery, kruszony 500g - Amutha",przyprawy-jednoskładnikowe,KIMCHI-3266,allergens|nutritionFacts|storageZone|unitPrice,Indie,,
c902f0d5-9751-4578-83ca-9b027c38c214,KIMCHI-3151,Curry Medium Hot - curry instant w proszku 1kg - Ottogi,dania-gotowe,KIMCHI-3151,allergens|nutritionFacts|storageZone|unitPrice,Korea Południowa,,
ece47f85-36f0-43eb-b18a-810abe7f62f9,KIMCHI-5020,Czarna herbata Black Tea Yunnan 30g - Golden Turtle,herbaty,KIMCHI-5020,allergens|nutritionFacts|storageZone|unitPrice,Chiny,,
a48f20b9-06d2-4875-beb7-0715dbd1ff8c,KIMCHI-5728,Czarna herbata liczi Lychee Black Tea 50g - Shan Wai Shan,herbaty,KIMCHI-5728,allergens|nutritionFacts|storageZone|unitPrice,Chiny,,
40876594-5e03-4c95-87aa-b7bd41e5fc55,KIMCHI-1147,Czerwona fasolka azuki 900g - Valle Del Sole,pozostałe-produkty,KIMCHI-1147,allergens|nutritionFacts|storageZone|unitPrice,Holandia,,
972604fc-c975-46de-9515-e0c0707d518f,KIMCHI-5250,"Danie Bibimmen II, makaron w sosie z czarnej fasoli 4 x 130g - Paldo",ramyun-ramen,KIMCHI-5250,allergens|nutritionFacts|storageZone|unitPrice,Korea Południowa,,
ab73c878-3fbe-494a-bb85-12dbe2bd93c3,KIMCHI-4906,Danie Buldak o smaku ostrego kurczaka Cream Carbonara 140g - Samyang,ramyun-ramen,KIMCHI-4906,allergens|nutritionFacts|storageZone|unitPrice,Korea Południowa,,
02f6c608-59f6-4356-9604-497174b4fd5d,KIMCHI-4560,"Danie Buldak o smaku ostrego kurczaka Multi Cheese Fire Chicken, duża micha 110g - Samyang",ramyun-ramen,KIMCHI-4560,allergens|nutritionFacts|storageZone|unitPrice,Korea Południowa,,
4f8f592b-2d2e-420a-90e6-96b5fcb01999,KIMCHI-4558,"Danie Buldak o smaku ostrego kurczaka Rose Sauce Ramen, duża micha 105g - Samyang",ramyun-ramen,KIMCHI-4558,allergens|nutritionFacts|storageZone|unitPrice,Korea Południowa,,
7b8f5085-ea0c-4787-8051-fc7dc1837d36,KIMCHI-5735,Danie instant makaron Stir Fry Ramen Carbonara Hot Chicken 5x145g - Garak,ramyun-ramen,KIMCHI-5735,allergens|nutritionFacts|storageZone|unitPrice,Korea Południowa,,
9f3f779d-aba3-4ce4-b5bf-2359c616f0a0,KIMCHI-5410,Danie instant makaron Stir-Fry Udon Sukiyaki dwie porcje (2x180g) 360g Otafuku,dania-gotowe,KIMCHI-5410,allergens|nutritionFacts|storageZone|unitPrice,Japonia,,
ec10575b-de00-4250-8fed-b790ed3d4436,KIMCHI-5411,Danie instant makaron Stir-Fry Yakisoba dwie porcje (2x185g) 370g Otafuku,dania-gotowe,KIMCHI-5411,allergens|nutritionFacts|storageZone|unitPrice,Japonia,,
5d31a7e1-f1d7-472e-92e4-9ba1f3039f17,KIMCHI-5737,Danie instant makaron świeży udon Carbonara Hot Chicken 230g - Garak,dania-gotowe,KIMCHI-5737,allergens|nutritionFacts|storageZone|unitPrice,Korea Południowa,,
0784ccaa-05e7-4278-ae6f-cc2413b096d8,KIMCHI-5736,Danie instant makaron świeży udon Hot Chicken 215g - Garak,dania-gotowe,KIMCHI-5736,allergens|nutritionFacts|storageZone|unitPrice,Korea Południowa,,
21487323-f28b-4257-a450-d748b38a803f,KIMCHI-5738,Danie instant makaron świeży udon Katsuo z grzybami 215g - Garak,dania-gotowe,KIMCHI-5738,allergens|nutritionFacts|storageZone|unitPrice,Korea Południowa,,
27b211f6-0503-4c78-a311-b523450ec517,KIMCHI-5739,Danie instant makaron świeży udon Kimchi 213g - Garak,dania-gotowe,KIMCHI-5739,allergens|nutritionFacts|storageZone|unitPrice,Korea Południowa,,
d2274c7c-6ad5-484f-8256-b66c5d771c66,KIMCHI-4098,"Danie instant Tteokbokki, kluski ryżowe w pikantnym sosie 160g - Sempio",dania-gotowe,KIMCHI-4098,allergens|nutritionFacts|storageZone|unitPrice,Korea Południowa,,
73f84fcb-c4f7-488c-b7dc-db881e153c46,KIMCHI-4099,"Danie instant Tteokbokki, kluski ryżowe w słodko-pikantnym sosie 160g - Sempio",dania-gotowe,KIMCHI-4099,allergens|nutritionFacts|storageZone|unitPrice,Korea Południowa,,
5e6fd008-e5cf-47c3-ba30-f14c0d550d06,KIMCHI-5223,Danie instant z ziemniaczanym makaronem Japchae Cup 82g - Sempio,dania-gotowe,KIMCHI-5223,allergens|nutritionFacts|storageZone|unitPrice,Korea Południowa,,
09051961-f5a1-4ff3-94e9-cf77c8b56cb0,KIMCHI-5240,"Danie Jin Jjajang Smoked Black Bean, smak wędzonej fasoli 135g - Ottogi",ramyun-ramen,KIMCHI-5240,allergens|nutritionFacts|storageZone|unitPrice,Korea Południowa,,
073677c6-9485-4ff4-a518-a15ce713a164,KIMCHI-5797,Danie koreańskie instant Japchae Noodle 75g - Ottogi,ramyun-ramen,KIMCHI-5797,allergens|nutritionFacts|storageZone|unitPrice,Korea Południowa,,
f6bdd14a-4db0-440d-ab1f-7455ff157663,KIMCHI-4715,Danie makaron carbonara o smaku bekonu 85g - MAMA Oriental Kitchen,dania-gotowe,KIMCHI-4715,allergens|nutritionFacts|storageZone|unitPrice,Tajlandia,,
333df603-f734-45cb-9e4e-6b6c982fc205,KIMCHI-4340,Danie makaron Gotsumori Shio-Yakisoba 156g - Maruchan,ramyun-ramen,KIMCHI-4340,allergens|nutritionFacts|storageZone|unitPrice,Japonia,,
3188ddce-6b74-436e-838d-be6d7d8f0aa9,KIMCHI-4922,Danie makaron Gotsumori Yakisoba 171g - Maruchan,ramyun-ramen,KIMCHI-4922,allergens|nutritionFacts|storageZone|unitPrice,Japonia,,
cbdef7c1-deaf-493a-a97e-8e9b8c314377,KIMCHI-5200,"Danie makaronowe Bodle Bodle Stir-fry Cheese Ramen o smaku serowym, lekko pikantne 120g - Ottogi",ramyun-ramen,KIMCHI-5200,allergens|nutritionFacts|storageZone|unitPrice,Korea Południowa,,
15454af0-6545-4306-8d45-aabb78a053e7,KIMCHI-5374,Danie makaron ramen Spicy Mongolian Bowl 240g - Obento,dania-gotowe,KIMCHI-5374,allergens|nutritionFacts|storageZone|unitPrice,Chiny,,
2836d460-de1f-4c6e-939a-5282c5c2c1d6,KIMCHI-5373,Danie makaron ramen spicy sesame Bowl 240g - Obento,dania-gotowe,KIMCHI-5373,allergens|nutritionFacts|storageZone|unitPrice,Chiny,,
7afe3a35-bbd7-43e5-afd8-46600f967fa2,KIMCHI-5371,Danie makaron świeży udon Korean Style BBQ 187g - Bibigo,dania-gotowe,KIMCHI-5371,allergens|nutritionFacts|storageZone|unitPrice,Korea Południowa,,
8fd6cf9b-278d-4bc5-95c9-19f0c5cfe585,KIMCHI-5370,Danie makaron świeży udon Korean Style Tteokbokki Chilli 187g - Bibigo,dania-gotowe,KIMCHI-5370,allergens|nutritionFacts|storageZone|unitPrice,Korea Południowa,,
4722669d-4afa-4c08-b99e-0b6c92e82c38,KIMCHI-4903,Danie makaron Tom Yum z krewetkami 85g - MAMA Oriental Kitchen,dania-gotowe,KIMCHI-4903,allergens|nutritionFacts|storageZone|unitPrice,Tajlandia,,
1ac6ad82-2f23-452c-abca-90e5a170a74b,KIMCHI-4737,Danie makaron udon Sesame Teriyaki Bowl 240g - Obento,dania-gotowe,KIMCHI-4737,allergens|nutritionFacts|storageZone|unitPrice,Chiny,,
2baa3d40-f01d-4040-bb16-db824f0525da,KIMCHI-4738,Danie makaron udon Spicy Kung Pao Bowl 240g - Obento,dania-gotowe,KIMCHI-4738,allergens|nutritionFacts|storageZone|unitPrice,Chiny,,
dc8fc666-8811-4290-81f4-33f9e97a44a3,KIMCHI-4339,Danie makaron Yakisoba UFO 128g - Nissin,ramyun-ramen,KIMCHI-4339,allergens|nutritionFacts|storageZone|unitPrice,Japonia,,
d179e04a-2374-4c9f-8b35-4f791bb25cc0,KIMCHI-4698,Danie makaron Yakisoba UFO BIG 167g - Nissin,ramyun-ramen,KIMCHI-4698,allergens|nutritionFacts|storageZone|unitPrice,Japonia,,
a499884a-f4a1-4055-bd33-8eb3b15b67df,KIMCHI-5301,Danie makaron z sosem Bulgogi Tangle 105g - Samyang,ramyun-ramen,KIMCHI-5301,allergens|nutritionFacts|storageZone|unitPrice,Japonia,,
a1080bea-630b-4646-b5a2-6deb9e2aedbb,KIMCHI-5302,Danie makaron z sosem czosnkowym Tangle 105g - Samyang,ramyun-ramen,KIMCHI-5302,allergens|nutritionFacts|storageZone|unitPrice,Korea Południowa,,
f6366644-7b62-4526-9cec-e72a6833d063,KIMCHI-5300,Danie makaron z sosem grzybowym Tangle 105g - Samyang,ramyun-ramen,KIMCHI-5300,allergens|nutritionFacts|storageZone|unitPrice,Korea Południowa,,
15d9ccce-4ee6-4714-b8fe-b9a1bec87f94,KIMCHI-5299,Danie makaron z sosem pomidorowym Tangle 105g - Samyang,ramyun-ramen,KIMCHI-5299,allergens|nutritionFacts|storageZone|unitPrice,Korea Południowa,,
a4147e03-39df-462d-95db-25a7651855e0,KIMCHI-4753,Danie o smaku ostrego kurczaka Cream Carbo Buldak 5 x 140g - Samyang Japan,ramyun-ramen,KIMCHI-4753,allergens|nutritionFacts|storageZone|unitPrice,Japonia,,
f11fe9e5-8ff1-4356-b810-faf7c2ff6360,KIMCHI-5287,Danie o smaku ostrego kurczaka Jjajang Buldak 5 x 140g - Samyang Japan,dania-gotowe,KIMCHI-5287,allergens|nutritionFacts|storageZone|unitPrice,Japonia,,
84fed499-4e80-4c43-9b47-98d191024aab,KIMCHI-5796,Danie o smaku ostrego kurczaka Quattro Cheese Buldak 145g - Samyang,ramyun-ramen,KIMCHI-5796,allergens|nutritionFacts|storageZone|unitPrice,Korea Południowa,,
bc98c093-2ab4-4b1d-9e9a-ebb74ad2d4f6,KIMCHI-5054,Danie o smaku ostrego kurczaka Quattro Cheese Buldak 145g - Samyang,ramyun-ramen,KIMCHI-5054,allergens|nutritionFacts|storageZone|unitPrice,Korea Południowa,,
d4e922d7-aadc-44aa-9ca0-53754073fafc,KIMCHI-4752,Danie o smaku ostrego kurczaka Quattro Cheese Buldak 5 x 145g - Samyang Japan,ramyun-ramen,KIMCHI-4752,allergens|nutritionFacts|storageZone|unitPrice,Japonia,,
917bd208-f028-44af-b5cd-dca962491b4d,KIMCHI-5055,Danie o smaku ostrego kurczaka Rose Buldak 140g - Samyang,ramyun-ramen,KIMCHI-5055,allergens|nutritionFacts|storageZone|unitPrice,Korea Południowa,,
79794a9c-1000-4068-bafe-04b17227c43e,KIMCHI-4805,Danie o smaku ostrego kurczaka Rose Buldak 5 x 140g - Samyang Japan,ramyun-ramen,KIMCHI-4805,allergens|nutritionFacts|storageZone|unitPrice,Japonia,,
460c223d-8e31-4a62-8e4b-34aa35fca3e2,KIMCHI-4751,Danie o smaku ostrego kurczaka Yakisoba Buldak 5 x 125g - Samyang Japan,dania-gotowe,KIMCHI-4751,allergens|nutritionFacts|storageZone|unitPrice,Japonia,,
970ab8a3-cd72-48d5-b5b6-f1b810dea65c,KIMCHI-5286,Danie o smaku ostrego kurczaka Yangnyeom Buldak 5 x 140g - Samyang Japan,dania-gotowe,KIMCHI-5286,allergens|nutritionFacts|storageZone|unitPrice,Japonia,,
db8f1717-1b14-47f4-ad49-f507112e8541,KIMCHI-5465,"Danie Ramyun Volcano Carbonara, ogniście ostry 130g - Paldo",ramyun-ramen,KIMCHI-5465,allergens|nutritionFacts|storageZone|unitPrice,Korea Południowa,,
e066c72c-ec20-49b9-8c1c-878db930b99d,KIMCHI-5467,"Danie Ramyun Volcano Carbonara, ogniście ostry 4 x 130g - Paldo",ramyun-ramen,KIMCHI-5467,allergens|nutritionFacts|storageZone|unitPrice,Korea Południowa,,
68acd3ab-26b5-4a5e-a731-588b125e5229,KIMCHI-5466,"Danie Ramyun Volcano Carbonara, ogniście ostry micha 105g - Paldo",ramyun-ramen,KIMCHI-5466,allergens|nutritionFacts|storageZone|unitPrice,Korea Południowa,,
2be6b86d-5811-4c87-85b4-c718fef7f860,KIMCHI-5546,Danie Tangle makaron z kremowym sosem bulgogi 105g - Samyang,ramyun-ramen,KIMCHI-5546,allergens|nutritionFacts|storageZone|unitPrice,Korea Południowa,,
3385e0d6-3caf-4b13-8529-031c8029e0df,KIMCHI-5547,Danie Tangle makaron z sosem grzybowym Creamy Mushroom 105g - Samyang,ramyun-ramen,KIMCHI-5547,allergens|nutritionFacts|storageZone|unitPrice,Korea Południowa,,
adbf8839-d590-4ac7-926d-b774f4bd8238,KIMCHI-5544,Danie Tangle makaron z sosem pomidorowym Chunky Tomato 105g - Samyang,ramyun-ramen,KIMCHI-5544,allergens|nutritionFacts|storageZone|unitPrice,Korea Południowa,,
4f76809d-a20f-4b1f-8e1b-4e3f29075682,KIMCHI-5249,"Danie Zanmang Loopy, makaron w sosie z czarnej fasoli 4 x 110g - Paldo",ramyun-ramen,KIMCHI-5249,allergens|nutritionFacts|storageZone|unitPrice,Korea Południowa,,
33daa144-360d-4fd8-95b2-f926e428f117,KIMCHI-5740,Danie zupa instant Udon Katsuo świeży makaron 3x215g - Garak,ramyun-ramen,KIMCHI-5740,allergens|nutritionFacts|storageZone|unitPrice,Korea Południowa,,
12fbd9ef-26e6-413e-a2e6-f8d2d6af2181,KIMCHI-5741,Danie zupa instant Udon Kimchi świeży makaron 3x213g - Garak,ramyun-ramen,KIMCHI-5741,allergens|nutritionFacts|storageZone|unitPrice,Korea Południowa,,
95a288eb-3bd6-4c7d-8cfe-e1490afa4576,KIMCHI-4603,"Dashi no Moto, bulion dashi z tuńczyka bonito 40g (8 x 5g) - Shimaya",buliony,KIMCHI-4603,allergens|nutritionFacts|storageZone|unitPrice,Japonia,,
66c1dd47-05d2-4610-8de8-f53f8d519c81,KIMCHI-281,"Dhania, kolendra mielona 100g TRS",przyprawy,KIMCHI-281,allergens|nutritionFacts|storageZone|unitPrice,Indie,,
8a04df3b-13b4-443f-b4f3-414ae16c0668,KIMCHI-2462,"Drewniane Hangiri, japońska miska do ryżu Ø26cm - Emro Aziatica",miski,KIMCHI-2462,ingredients|allergens|nutritionFacts|storageZone|unitPrice,Chiny,,
aa7f413f-46c0-4f52-ae4f-a698fafa6f37,KIMCHI-4836,"Dried Soy Stick Beef Flavor, wegetariańskie szaszłyki na ostro z suszonego tofu o smaku wołowiny shaokao 60g - Joytofu XiangXiangZui",dania-gotowe,KIMCHI-4836,allergens|nutritionFacts|storageZone|unitPrice,Chiny,,
6e2a6cdb-38c7-4bab-8fea-54d57a5af014,KIMCHI-5142,"Dubai Chocolate Crunchy Knafeh Pistachio, dubajska mleczna czekolada z kremem pistacjowym i ciastem kataifi 90g - Elit",słodycze-przekąski,KIMCHI-5142,allergens|nutritionFacts|storageZone|unitPrice,Turcja,,
0f473ee3-43ad-4b7a-8a70-4871f2f06425,KIMCHI-4987,"Dubai Chocolate Crunchy Pistachio Kunafa, dubajska czekolada z nadzieniem z pistacji i ciasta kataifi 160g - Q Chew",słodycze-przekąski,KIMCHI-4987,allergens|nutritionFacts|storageZone|unitPrice,Zjednoczone Emiraty Arabskie,,
747d2d7b-4ec6-4ee5-aad9-e58d86bcb1d1,KIMCHI-4943,"Duża japońska miska do ramenu ryby Koi 21,5 x 8 cm - Emro",komplety-do-sushi-i-herbaty,KIMCHI-4943,ingredients|allergens|nutritionFacts|storageZone|unitPrice,Japonia,,
83a6fbe5-3152-4a0c-9a89-8a1c00decfd5,KIMCHI-3396,"Edomae Inari Age, smażone kieszonki tofu (24 szt.) 540g - Nishimoto",tofu,KIMCHI-3396,allergens|nutritionFacts|storageZone|unitPrice,Japonia,,
b8a9b1f8-0739-4ad2-bc62-cdc82acb3507,KIMCHI-871,"Edomae Inari Age, smażone kieszonki tofu do sushi 240g - Yamato",tofu,KIMCHI-871,allergens|nutritionFacts|storageZone|unitPrice,Japonia,,
9be44b90-283d-45d4-aa2e-b2c116556e38,KIMCHI-5369,"Edomae Inari Age, smażone kieszonki tofu do sushi 5x8cm 16szt 250g - Misuzu",tofu,KIMCHI-5369,allergens|nutritionFacts|storageZone|unitPrice,Japonia,,
ef58d297-33b1-40a0-9df8-f77ebb50e73c,KIMCHI-5472,"Fasola edamame, ziarna soi w zalewie 400g - House of Asia",owoce-marynowane-warzywa,KIMCHI-5472,allergens|nutritionFacts|storageZone|unitPrice,Chiny,,
1d17d3b0-e34a-41b5-ba6f-4ff2d1a2d092,KIMCHI-3762,"Fasola edamame, ziarna soi w zalewie 400g - ITA-SAN",owoce-marynowane-warzywa,KIMCHI-3762,allergens|nutritionFacts|storageZone|unitPrice,Chiny,,
04a0a0bf-af86-4de9-a8fb-d29140bbdc46,KIMCHI-2227,Fasolka edamame z wasabi 140g - Golden Turtle Brand,słodycze-przekąski,KIMCHI-2227,allergens|nutritionFacts|storageZone|unitPrice,Chiny,,
db8b73ac-0993-4a82-8d0f-293d3eb743f7,KIMCHI-5719,Fermentowana czarna fasola sojowa (Douchi) 250g - Pearl River Bridge,marynowane-warzywa-i-owoce,KIMCHI-5719,allergens|nutritionFacts|storageZone|unitPrice,Chiny,,
981fc95c-4f7d-4109-a85b-3a660ef90156,KIMCHI-840,Fermentowana czarna soja w oleju chili 280g - Lao Gan Ma,sosy-marynaty-oleje,KIMCHI-840,allergens|nutritionFacts|storageZone|unitPrice,Chiny,,
aad13bc6-b94f-426f-9bdc-eb47ae6b7cb7,KIMCHI-4546,Fermentowane tofu (hong furu) w czerwonym różanym sosie 340g - Wangzhihe,sosy-marynaty,KIMCHI-4546,allergens|nutritionFacts|storageZone|unitPrice,Chiny,,
66022925-7be2-4bff-9d22-01e86825fad9,KIMCHI-5589,Fermentowany sos rybny Bagoon Balayan 310ml - Monika,sosy-marynaty,KIMCHI-5589,allergens|nutritionFacts|storageZone|unitPrice,Filipiny,,
035996ea-ee72-43d2-9e78-33de6b9f01fb,KIMCHI-4203,Filety Anchois 75g - Mari Del Sus,dania-gotowe,KIMCHI-4203,allergens|nutritionFacts|storageZone|unitPrice,Włochy,,
a96805f4-c9f7-4b6d-aa06-1ca96fdb0ede,KIMCHI-5582,Filipiński makaron pszenny z kurkumą Pancit Canton 227g - Monika,makaron-pszenny,KIMCHI-5582,allergens|nutritionFacts|storageZone|unitPrice,Filipiny,,
0a93f13f-465a-4de3-9477-bcbb62df2602,KIMCHI-4422,Fish Snack BBQ przekąska rybna barbecue 52g - Taro,dania-gotowe,KIMCHI-4422,allergens|nutritionFacts|storageZone|unitPrice,Tajlandia,,
d2b223f8-8e6a-4d02-9a30-34f662fbd98b,KIMCHI-4421,Fish Snack Hot przekąska rybna pikantna 52g - Taro,dania-gotowe,KIMCHI-4421,allergens|nutritionFacts|storageZone|unitPrice,Tajlandia,,
7edee6d3-7634-4cd5-9ddd-47cd19a8b72e,KIMCHI-4420,Fish Snack Original przekąska rybna 52g - Taro,dania-gotowe,KIMCHI-4420,allergens|nutritionFacts|storageZone|unitPrice,Tajlandia,,
d34271cd-63ef-4021-9eca-16eb3383ed64,KIMCHI-1105,Foremka do futomaki sushi - duża rolka,foremki,KIMCHI-1105,ingredients|allergens|nutritionFacts|storageZone|unitPrice,Chiny,,
2e2c9c88-861f-4d62-a331-1a63ce196698,KIMCHI-1071,Foremka do maki sushi - mała rolka,foremki,KIMCHI-1071,ingredients|allergens|nutritionFacts|storageZone|unitPrice,Chiny,,
20b9375a-7b2e-4974-b31a-2697de57551e,KIMCHI-1070,Foremka do nigiri sushi na 5 szt.,foremki,KIMCHI-1070,ingredients|allergens|nutritionFacts|storageZone|unitPrice,Chiny,,
ea96d761-baf6-4242-94a5-78469ec42c49,KIMCHI-5440,Freesia Blooming Perfumed Hand Cream 30ml - nawilżający krem do rąk o zapachu frezji - Holika Holika,koreańskie-kosmetyki,KIMCHI-5440,allergens|nutritionFacts|storageZone|unitPrice,Korea Południowa,,
10015944-7454-452d-a775-e90c1399e691,KIMCHI-4037,"Fruit Juice Gummy Grape 100%, żelki o smaku winogronowym 54g - Meiji",słodycze-przekąski,KIMCHI-4037,allergens|nutritionFacts|storageZone|unitPrice,Korea Południowa,,
6d4166d4-7acf-44ce-9a15-fea7025137ef,KIMCHI-4432,"Fruit Juice Gummy Muscat 100%, żelki o smaku białych winogron 54g - Meiji",słodycze-przekąski,KIMCHI-4432,allergens|nutritionFacts|storageZone|unitPrice,Japonia,,
b23798e6-af8b-4a15-bb08-c435ce625d94,KIMCHI-3791,"Frutia Grape Gummy, żelki o smaku winogronowym 107g - Kasugai",słodycze-przekąski,KIMCHI-3791,allergens|nutritionFacts|storageZone|unitPrice,Japonia,,
8026dffd-bde1-4fa7-a6be-d68a401d804c,KIMCHI-4375,"Frutia Kiwi Gummy, żelki o smaku kiwi 107g - Kasugai",słodycze-przekąski,KIMCHI-4375,allergens|nutritionFacts|storageZone|unitPrice,Japonia,,
025c58c6-a693-4540-b7b0-4503412e41ad,KIMCHI-4419,"Frutia Lychee Gummy, żelki o smaku liczi 102g - Kasugai",słodycze-przekąski,KIMCHI-4419,allergens|nutritionFacts|storageZone|unitPrice,Japonia,,
f263e7e6-1820-4822-9baf-0bb44d628689,KIMCHI-5110,"Frutia Mango Gummy, żelki o smaku mango 102g - Kasugai",słodycze-przekąski,KIMCHI-5110,allergens|nutritionFacts|storageZone|unitPrice,Japonia,,
520854de-a750-4308-8306-4c3fa46b5d3b,KIMCHI-3792,"Frutia Muscat Gummy, żelki o smaku winogron Muscat 107g - Kasugai",słodycze-przekąski,KIMCHI-3792,allergens|nutritionFacts|storageZone|unitPrice,Japonia,,
47fedb34-7fb2-4c5b-93c3-d4deab6d29c1,KIMCHI-3790,"Frutia Peach Gummy, żelki o smaku brzoskwiniowym 107g - Kasugai",słodycze-przekąski,KIMCHI-3790,allergens|nutritionFacts|storageZone|unitPrice,Japonia,,
597b103d-214c-4dc5-90bf-6fc8f398ebc4,KIMCHI-4376,"Frutia Strawberry Gummy, żelki o smaku truskawkowym 102g - Kasugai",słodycze-przekąski,KIMCHI-4376,allergens|nutritionFacts|storageZone|unitPrice,Japonia,,
17bee644-0384-4880-ae3f-36ccf25ad6eb,KIMCHI-4426,"Frutia Watermelon Gummy, żelki o smaku arbuzowym 107g - Kasugai",słodycze-przekąski,KIMCHI-4426,allergens|nutritionFacts|storageZone|unitPrice,Japonia,,
a6f0e055-8af6-47eb-91b1-3e3530f6f21d,KIMCHI-3793,"Frutia Yuzu Gummy, żelki o smaku cytrusowym 102g - Kasugai",słodycze-przekąski,KIMCHI-3793,allergens|nutritionFacts|storageZone|unitPrice,Japonia,,
c7111732-73e3-4b98-9f5f-adecd9b58358,KIMCHI-4528,"Fukamushicha Sencha, głęboko parowana zielona herbata liściasta 50g - Maruka",herbaty,KIMCHI-4528,allergens|nutritionFacts|storageZone|unitPrice,Japonia,,
d45d4455-6d95-4114-8955-926add661b11,KIMCHI-3997,"Furikake Aji Douraku, posypka do ryżu wzbogacana 25g - Marumiya",przyprawy,KIMCHI-3997,allergens|nutritionFacts|storageZone|unitPrice,Japonia,,
6798460b-9725-45f1-9841-f8f4bebe3278,KIMCHI-4003,"Furikake Mazekomi Fragrant Sesame Oil Wakame, posypka do ryżu z wakame i olejem sezamowym 29g - Marumiya",przyprawy,KIMCHI-4003,allergens|nutritionFacts|storageZone|unitPrice,Japonia,,
a39e1486-b252-4b89-919d-309404598749,KIMCHI-4004,"Furikake Mazekomi Wakame Shiso Kombu, posypka do ryżu z wodorostami i liśćmi sezamu (pachnotki) 29g - Marumiya",przyprawy,KIMCHI-4004,allergens|nutritionFacts|storageZone|unitPrice,Japonia,,
aa071903-a935-4faa-8234-608afd7b8a48,KIMCHI-3999,"Furikake Noritama, posypka do ryżu wzbogacana 25g - Marumiya",przyprawy,KIMCHI-3999,allergens|nutritionFacts|storageZone|unitPrice,Japonia,,
d4900d43-1827-4353-942e-a44c0c2da3e0,KIMCHI-3996,"Furikake Nori Wasabi, posypka do ryżu wzbogacana 20g - Marumiya",przyprawy,KIMCHI-3996,allergens|nutritionFacts|storageZone|unitPrice,Japonia,,
ca8b4077-b1c9-44e9-88d9-4d6090fdb818,KIMCHI-3995,"Furikake Pepatama, posypka do ryżu wzbogacana 20g - Marumiya",przyprawy,KIMCHI-3995,allergens|nutritionFacts|storageZone|unitPrice,Japonia,,
e9fd34f5-97ee-416f-9824-759112281385,KIMCHI-3994,"Furikake Pokemon, posypka do ryżu w 4 smakach 20 x 2,5g - Marumiya",przyprawy,KIMCHI-3994,allergens|nutritionFacts|storageZone|unitPrice,Japonia,,
fdf28bba-8b3a-49b0-a0d8-c750ce228179,KIMCHI-4341,Furikake Pokemon w pojemniku Pikachu 20g - Marumiya,przyprawy,KIMCHI-4341,allergens|nutritionFacts|storageZone|unitPrice,Japonia,,
ffeae7b9-5ac1-4803-974f-bd4f0ba6c2d9,KIMCHI-5482,"Furikake, posypka do ryżu i dań płatki Perilli 20g - Mishima",przyprawy,KIMCHI-5482,allergens|nutritionFacts|storageZone|unitPrice,Japonia,,
06acb37f-746f-43d4-b5d8-da37fb140041,KIMCHI-4699,"Furikake Sukiyaki, posypka do ryżu 34g - Marumiya",przyprawy,KIMCHI-4699,allergens|nutritionFacts|storageZone|unitPrice,Japonia,,
c27a7286-6cf9-4269-860f-5cde210cec42,KIMCHI-3998,"Furikake Tarako, posypka do ryżu wzbogacana 25g - Marumiya",przyprawy,KIMCHI-3998,allergens|nutritionFacts|storageZone|unitPrice,Japonia,,
a7afb846-034f-4204-87e6-f33846105833,KIMCHI-269,Galangal w proszku 100g Cock Brand,przyprawy,KIMCHI-269,allergens|nutritionFacts|storageZone|unitPrice,Tajlandia,,
4da56e11-a287-4c6b-83ea-2a7fb945c29b,KIMCHI-3134,"Garlic Tteokbokki, kluski ryżowe w sosie czosnkowo-paprykowym 260g - O'Food",dania-gotowe,KIMCHI-3134,allergens|nutritionFacts|storageZone|unitPrice,Korea Południowa,,
0455a26b-69f0-4805-af8a-465dc5a24aa2,KIMCHI-4944,"Garnek gliniany bao zai (Bo Chai), miska do gotowania z pokrywką śr. 18 cm - Jin Hua Li Ci",miski,KIMCHI-4944,ingredients|allergens|nutritionFacts|storageZone|unitPrice,Chiny,,
ece19366-8b91-45f4-ad7c-635a0d28893b,KIMCHI-756,Glony Dasima (kombu) suszone 56g - Assi Brand,kombu-dasima,KIMCHI-756,allergens|nutritionFacts|storageZone|unitPrice,Korea Południowa,,
8fca21b8-f8b4-4f3d-9145-94286bea5193,KIMCHI-2648,Glony do sushi Yaki Nori GOLD 10 szt. - KC,arkusze-nori-gim,KIMCHI-2648,allergens|nutritionFacts|storageZone|unitPrice,Korea Południowa,,
0526158d-78a8-42d8-8967-79c48996af93,KIMCHI-2649,Glony do sushi Yaki Nori GOLD 3 x 10 szt. - KC,arkusze-nori-gim,KIMCHI-2649,allergens|nutritionFacts|storageZone|unitPrice,Korea Południowa,,
